State,Sex,Year,Incidence,Mortality,Population
1,Alabama,Female,1999,8612,3617,NA
2,Alabama,Female,2000,8702,3761,2302835
3,Alabama,Female,2001,9123,3865,2309496
4,Alabama,Female,2002,9223,3787,2314370
5,Alabama,Female,2003,8766,3832,2324069
6,Alabama,Female,2004,9354,3901,2337857
7,Alabama,Female,2005,9663,4004,2356423
8,Alabama,Female,2006,9715,3865,2385480
9,Alabama,Female,2007,10076,3932,2407275
10,Alabama,Female,2008,10618,4009,2430257
11,Alabama,Female,2009,10545,4057,2448159
12,Alabama,Female,2010,10614,4006,2459548
13,Alabama,Female,2011,10586,3981,2468602
14,Alabama,Female,2012,10883,3981,2477673
15,Alabama,Female,2013,11055,4031,2485478
16,Alabama,Female,2014,11231,4112,2492545
17,Alabama,Female,2015,11547,4034,2498667
18,Alabama,Female,2016,11822,4133,2505943
19,Alabama,Female,2017,11618,4041,2513917
20,Alabama,Female,2018,11937,4234,2522346
21,Alabama,Female,2019,12116,4035,2531653
22,Alabama,Female,2020,11433,4040,2583861
23,Alabama,Female,2021,12102,4034,2595733
24,Alabama,Male,1999,9181,4376,NA
25,Alabama,Male,2000,9555,4651,2149338
26,Alabama,Male,2001,10198,4551,2158138
27,Alabama,Male,2002,10288,4614,2165719
28,Alabama,Male,2003,10351,4637,2179422
29,Alabama,Male,2004,10982,4618,2192872
30,Alabama,Male,2005,11223,4669,2213382
31,Alabama,Male,2006,11795,4721,2243501
32,Alabama,Male,2007,12204,4894,2265565
33,Alabama,Male,2008,12545,4866,2287949
34,Alabama,Male,2009,12537,4954,2309779
35,Alabama,Male,2010,12596,4934,2320188
36,Alabama,Male,2011,12598,5020,2314978
37,Alabama,Male,2012,12461,5011,2322262
38,Alabama,Male,2013,12320,5031,2329279
39,Alabama,Male,2014,12217,4883,2334342
40,Alabama,Male,2015,12853,5031,2340037
41,Alabama,Male,2016,13223,4945,2344400
42,Alabama,Male,2017,13412,4950,2347548
43,Alabama,Male,2018,13202,5008,2351497
44,Alabama,Male,2019,13373,4864,2357694
45,Alabama,Male,2020,11910,4953,2436195
46,Alabama,Male,2021,12808,4817,2442520
47,Alaska,Female,1999,843,167,NA
48,Alaska,Female,2000,860,228,303213
49,Alaska,Female,2001,867,189,305579
50,Alaska,Female,2002,817,192,309633
51,Alaska,Female,2003,902,164,313034
52,Alaska,Female,2004,960,191,317807
53,Alaska,Female,2005,1022,213,320920
54,Alaska,Female,2006,1029,246,325121
55,Alaska,Female,2007,1043,264,327138
56,Alaska,Female,2008,1117,265,329412
57,Alaska,Female,2009,1090,256,337002
58,Alaska,Female,2010,1199,246,340603
59,Alaska,Female,2011,1159,246,343359
60,Alaska,Female,2012,1235,262,346449
61,Alaska,Female,2013,1201,310,348247
62,Alaska,Female,2014,1266,271,347662
63,Alaska,Female,2015,1291,276,348293
64,Alaska,Female,2016,1244,303,350322
65,Alaska,Female,2017,1279,249,350333
66,Alaska,Female,2018,1284,281,348630
67,Alaska,Female,2019,1468,274,347065
68,Alaska,Female,2020,1287,249,344720
69,Alaska,Female,2021,1347,306,345328
70,Alaska,Male,1999,910,198,NA
71,Alaska,Male,2000,946,232,324750
72,Alaska,Male,2001,1012,203,328135
73,Alaska,Male,2002,1114,237,332704
74,Alaska,Male,2003,1052,298,335380
75,Alaska,Male,2004,1183,251,341479
76,Alaska,Male,2005,1070,250,346026
77,Alaska,Male,2006,1163,277,350181
78,Alaska,Male,2007,1218,276,353162
79,Alaska,Male,2008,1249,331,358043
80,Alaska,Male,2009,1349,363,361893
81,Alaska,Male,2010,1334,319,369628
82,Alaska,Male,2011,1330,425,359721
83,Alaska,Male,2012,1217,379,363013
84,Alaska,Male,2013,1255,361,365225
85,Alaska,Male,2014,1299,383,366507
86,Alaska,Male,2015,1333,348,367186
87,Alaska,Male,2016,1451,379,369595
88,Alaska,Male,2017,1446,389,368154
89,Alaska,Male,2018,1519,401,367078
90,Alaska,Male,2019,1533,401,365049
91,Alaska,Male,2020,1458,429,366901
92,Alaska,Male,2021,1567,496,367299
93,Arizona,Female,1999,9279,3633,NA
94,Arizona,Female,2000,9659,3685,2584579
95,Arizona,Female,2001,10185,3827,2641676
96,Arizona,Female,2002,10220,3741,2704217
97,Arizona,Female,2003,10124,3869,2764077
98,Arizona,Female,2004,10617,3894,2835606
99,Arizona,Female,2005,10918,4009,2930811
100,Arizona,Female,2006,11337,4034,3026134
101,Arizona,Female,2007,11905,4106,3096998
102,Arizona,Female,2008,12303,4066,3155278
103,Arizona,Female,2009,12880,4132,3189908
104,Arizona,Female,2010,12867,4244,3216194
105,Arizona,Female,2011,13233,4297,3251565
106,Arizona,Female,2012,13409,4420,3292783
107,Arizona,Female,2013,13590,4693,3332998
108,Arizona,Female,2014,14091,4604,3381319
109,Arizona,Female,2015,14371,4729,3431091
110,Arizona,Female,2016,14772,4716,3487840
111,Arizona,Female,2017,14930,4736,3540277
112,Arizona,Female,2018,15540,4684,3597645
113,Arizona,Female,2019,16019,4898,3658425
114,Arizona,Female,2020,14979,4989,3592868
115,Arizona,Female,2021,15384,5058,3638162
116,Arizona,Male,1999,10309,4202,NA
117,Arizona,Male,2000,10510,4197,2576007
118,Arizona,Male,2001,10988,4120,2631801
119,Arizona,Male,2002,11054,4482,2692038
120,Arizona,Male,2003,11506,4542,2746287
121,Arizona,Male,2004,11585,4526,2816798
122,Arizona,Male,2005,12070,4668,2908266
123,Arizona,Male,2006,12724,4666,3003007
124,Arizona,Male,2007,13170,4759,3070683
125,Arizona,Male,2008,12633,4773,3125084
126,Arizona,Male,2009,13124,4793,3153246
127,Arizona,Male,2010,12945,5004,3175823
128,Arizona,Male,2011,13411,5052,3199746
129,Arizona,Male,2012,13028,5384,3242196
130,Arizona,Male,2013,13701,5213,3279244
131,Arizona,Male,2014,14502,5426,3329452
132,Arizona,Male,2015,14869,5530,3380523
133,Arizona,Male,2016,14896,5629,3434276
134,Arizona,Male,2017,15825,5730,3485539
135,Arizona,Male,2018,16458,5809,3540752
136,Arizona,Male,2019,16604,5713,3600665
137,Arizona,Male,2020,15474,5871,3573429
138,Arizona,Male,2021,15636,5917,3614567
139,Arkansas,Female,1999,5427,2421,NA
140,Arkansas,Female,2000,5453,2407,1371015
141,Arkansas,Female,2001,5665,2429,1376845
142,Arkansas,Female,2002,5530,2480,1383239
143,Arkansas,Female,2003,5646,2395,1391523
144,Arkansas,Female,2004,5810,2597,1403048
145,Arkansas,Female,2005,5794,2511,1418295
146,Arkansas,Female,2006,5993,2435,1438428
147,Arkansas,Female,2007,6159,2610,1451358
148,Arkansas,Female,2008,6122,2527,1464220
149,Arkansas,Female,2009,6137,2500,1475013
150,Arkansas,Female,2010,6345,2574,1484281
151,Arkansas,Female,2011,6277,2514,1495451
152,Arkansas,Female,2012,6593,2553,1501133
153,Arkansas,Female,2013,7013,2603,1505118
154,Arkansas,Female,2014,7088,2550,1509162
155,Arkansas,Female,2015,7345,2551,1514185
156,Arkansas,Female,2016,7454,2543,1520203
157,Arkansas,Female,2017,7442,2553,1525909
158,Arkansas,Female,2018,7745,2475,1530845
159,Arkansas,Female,2019,8004,2457,1535409
160,Arkansas,Female,2020,7059,2485,1524922
161,Arkansas,Female,2021,7510,2516,1532461
162,Arkansas,Male,1999,6242,2985,NA
163,Arkansas,Male,2000,6380,2995,1307573
164,Arkansas,Male,2001,6447,3008,1314726
165,Arkansas,Male,2002,6703,3074,1322688
166,Arkansas,Male,2003,7001,2954,1333293
167,Arkansas,Male,2004,6890,2997,1346638
168,Arkansas,Male,2005,7202,3135,1362802
169,Arkansas,Male,2006,7241,3012,1383333
170,Arkansas,Male,2007,7537,3006,1397292
171,Arkansas,Male,2008,7197,3207,1410334
172,Arkansas,Male,2009,6948,3257,1421830
173,Arkansas,Male,2010,6947,3206,1431637
174,Arkansas,Male,2011,6985,3230,1438640
175,Arkansas,Male,2012,6883,3274,1444475
176,Arkansas,Male,2013,7088,3271,1447541
177,Arkansas,Male,2014,7367,3177,1451457
178,Arkansas,Male,2015,7651,3245,1458337
179,Arkansas,Male,2016,7636,3144,1464528
180,Arkansas,Male,2017,7938,3041,1469728
181,Arkansas,Male,2018,8286,2986,1473626
182,Arkansas,Male,2019,8674,3073,1477133
183,Arkansas,Male,2020,7206,3108,1485489
184,Arkansas,Male,2021,7346,3130,1492165
185,California,Female,1999,61894,22448,NA
186,California,Female,2000,62250,22997,17050415
187,California,Female,2001,63100,23178,17294223
188,California,Female,2002,64073,23137,17498462
189,California,Female,2003,63024,23333,17709509
190,California,Female,2004,64011,22928,17871415
191,California,Female,2005,65973,23299,17996230
192,California,Female,2006,66290,23146,18097471
193,California,Female,2007,68354,23325,18214926
194,California,Female,2008,70523,23261,18396972
195,California,Female,2009,71320,23594,18583075
196,California,Female,2010,71663,23729,18736126
197,California,Female,2011,72222,23667,18923003
198,California,Female,2012,74145,24133,19079833
199,California,Female,2013,74721,23945,19240410
200,California,Female,2014,77072,24126,19406148
201,California,Female,2015,79138,24486,19561062
202,California,Female,2016,79111,24374,19682563
203,California,Female,2017,80188,24514,19771012
204,California,Female,2018,81087,24235,19819350
205,California,Female,2019,83390,24248,19843586
206,California,Female,2020,75001,24186,19727377
207,California,Female,2021,82870,23996,19560718
208,California,Male,1999,63116,23918,NA
209,California,Male,2000,63607,23655,16937562
210,California,Male,2001,65547,24091,17185235
211,California,Male,2002,66352,24330,17373381
212,California,Male,2003,65670,24233,17543650
213,California,Male,2004,68170,24073,17703161
214,California,Male,2005,68050,24541,17831713
215,California,Male,2006,69332,24226,17923731
216,California,Male,2007,72872,24681,18035385
217,California,Male,2008,72625,24524,18207365
218,California,Male,2009,73904,25273,18378154
219,California,Male,2010,74184,25277,18517830
220,California,Male,2011,74316,25537,18562352
221,California,Male,2012,72516,25865,18715941
222,California,Male,2013,72793,26048,18864298
223,California,Male,2014,72962,26345,19037707
224,California,Male,2015,74737,27038,19201123
225,California,Male,2016,75480,26799,19326975
226,California,Male,2017,77331,26604,19426767
227,California,Male,2018,77301,26997,19486140
228,California,Male,2019,80905,26647,19512555
229,California,Male,2020,73606,26897,19630136
230,California,Male,2021,79433,26436,19437781
231,Colorado,Female,1999,7382,2478,NA
232,Colorado,Female,2000,7510,2437,2147742
233,Colorado,Female,2001,7881,2601,2195705
234,Colorado,Female,2002,7926,2641,2228665
235,Colorado,Female,2003,8081,2664,2253214
236,Colorado,Female,2004,8077,2648,2274511
237,Colorado,Female,2005,8401,2739,2308238
238,Colorado,Female,2006,8433,2721,2352960
239,Colorado,Female,2007,8934,2725,2396433
240,Colorado,Female,2008,9223,2707,2439060
241,Colorado,Female,2009,9605,2905,2480710
242,Colorado,Female,2010,9645,2919,2508534
243,Colorado,Female,2011,9723,2874,2549600
244,Colorado,Female,2012,10058,3049,2584270
245,Colorado,Female,2013,10265,2991,2621135
246,Colorado,Female,2014,10476,3022,2658481
247,Colorado,Female,2015,10664,3011,2705576
248,Colorado,Female,2016,11076,3114,2746985
249,Colorado,Female,2017,11473,3164,2780872
250,Colorado,Female,2018,11461,3042,2819664
251,Colorado,Female,2019,11757,3175,2851526
252,Colorado,Female,2020,10990,3242,2849053
253,Colorado,Female,2021,11809,3191,2862221
254,Colorado,Male,1999,7463,2587,NA
255,Colorado,Male,2000,7843,2628,2179179
256,Colorado,Male,2001,8167,2639,2229982
257,Colorado,Male,2002,8316,2819,2261741
258,Colorado,Male,2003,8238,2882,2275518
259,Colorado,Male,2004,8437,2732,2300502
260,Colorado,Male,2005,8713,2826,2323650
261,Colorado,Male,2006,9106,2893,2367463
262,Colorado,Male,2007,9958,2981,2407435
263,Colorado,Male,2008,9816,3104,2450670
264,Colorado,Male,2009,10057,3096,2491485
265,Colorado,Male,2010,9893,3113,2520662
266,Colorado,Male,2011,10092,3179,2537361
267,Colorado,Male,2012,9865,3211,2573649
268,Colorado,Male,2013,10075,3285,2611576
269,Colorado,Male,2014,10169,3284,2655433
270,Colorado,Male,2015,10345,3400,2710287
271,Colorado,Male,2016,10474,3579,2758643
272,Colorado,Male,2017,10849,3468,2794862
273,Colorado,Male,2018,11265,3494,2835682
274,Colorado,Male,2019,11800,3528,2871269
275,Colorado,Male,2020,11217,3715,2898820
276,Colorado,Male,2021,10821,3583,2911042
277,Connecticut,Female,1999,8701,2995,NA
278,Connecticut,Female,2000,8681,3041,1759318
279,Connecticut,Female,2001,8977,3162,1768959
280,Connecticut,Female,2002,8770,3008,1780500
281,Connecticut,Female,2003,8799,3045,1793468
282,Connecticut,Female,2004,8953,3005,1798078
283,Connecticut,Female,2005,9165,3023,1802068
284,Connecticut,Female,2006,9265,3051,1807675
285,Connecticut,Female,2007,9270,2940,1811617
286,Connecticut,Female,2008,9363,2827,1820749
287,Connecticut,Female,2009,9606,2870,1828779
288,Connecticut,Female,2010,9673,2960,1834483
289,Connecticut,Female,2011,9447,2855,1840199
290,Connecticut,Female,2012,9734,2740,1842745
291,Connecticut,Female,2013,9801,2768,1842058
292,Connecticut,Female,2014,9822,2726,1841087
293,Connecticut,Female,2015,9832,2696,1836932
294,Connecticut,Female,2016,9946,2715,1832376
295,Connecticut,Female,2017,9861,2650,1829655
296,Connecticut,Female,2018,9818,2591,1828867
297,Connecticut,Female,2019,9785,2553,1825341
298,Connecticut,Female,2020,9139,2670,1820877
299,Connecticut,Female,2021,10645,2591,1835455
300,Connecticut,Male,1999,8650,3084,NA
301,Connecticut,Male,2000,9155,3052,1652459
302,Connecticut,Male,2001,9130,3007,1663876
303,Connecticut,Male,2002,9177,3144,1678249
304,Connecticut,Male,2003,9036,3113,1690868
305,Connecticut,Male,2004,8787,3102,1698016
306,Connecticut,Male,2005,8959,3033,1704888
307,Connecticut,Male,2006,9459,2952,1709785
308,Connecticut,Male,2007,9618,2907,1715653
309,Connecticut,Male,2008,9627,2968,1724830
310,Connecticut,Male,2009,9697,2947,1733028
311,Connecticut,Male,2010,9411,3001,1739614
312,Connecticut,Male,2011,9543,2922,1740701
313,Connecticut,Male,2012,9203,2841,1744264
314,Connecticut,Male,2013,9121,2827,1744350
315,Connecticut,Male,2014,9001,2840,1745840
316,Connecticut,Male,2015,9439,2826,1742884
317,Connecticut,Male,2016,9640,2899,1738210
318,Connecticut,Male,2017,9857,2810,1736312
319,Connecticut,Male,2018,9744,2772,1735744
320,Connecticut,Male,2019,10016,2777,1733041
321,Connecticut,Male,2020,8852,2870,1751868
322,Connecticut,Male,2021,10701,2745,1762836
323,Delaware,Female,1999,1763,651,NA
324,Delaware,Female,2000,1804,616,404447
325,Delaware,Female,2001,1825,682,409349
326,Delaware,Female,2002,1785,560,414652
327,Delaware,Female,2003,1841,602,420802
328,Delaware,Female,2004,1909,661,427320
329,Delaware,Female,2005,2143,655,435227
330,Delaware,Female,2006,2079,634,442766
331,Delaware,Female,2007,2146,713,449398
332,Delaware,Female,2008,2174,697,455481
333,Delaware,Female,2009,2227,646,459795
334,Delaware,Female,2010,2281,672,462995
335,Delaware,Female,2011,2351,744,467501
336,Delaware,Female,2012,2355,755,471333
337,Delaware,Female,2013,2594,710,475867
338,Delaware,Female,2014,2580,783,480487
339,Delaware,Female,2015,2611,735,485047
340,Delaware,Female,2016,2703,780,489394
341,Delaware,Female,2017,2539,809,493660
342,Delaware,Female,2018,2723,810,498054
343,Delaware,Female,2019,2836,708,502383
344,Delaware,Female,2020,2652,788,509709
345,Delaware,Female,2021,2847,787,516706
346,Delaware,Male,1999,1805,717,NA
347,Delaware,Male,2000,1964,667,381926
348,Delaware,Male,2001,2115,787,386350
349,Delaware,Male,2002,2121,752,391517
350,Delaware,Male,2003,2097,740,397201
351,Delaware,Male,2004,2229,878,403483
352,Delaware,Male,2005,2283,804,409923
353,Delaware,Male,2006,2573,808,416502
354,Delaware,Male,2007,2595,797,422351
355,Delaware,Male,2008,2627,862,428393
356,Delaware,Male,2009,2608,808,431935
357,Delaware,Male,2010,2523,896,434939
358,Delaware,Male,2011,2684,838,436042
359,Delaware,Male,2012,2630,817,439974
360,Delaware,Male,2013,2668,890,443550
361,Delaware,Male,2014,2642,874,448121
362,Delaware,Male,2015,2829,855,452648
363,Delaware,Male,2016,2848,1017,456072
364,Delaware,Male,2017,2738,946,459789
365,Delaware,Male,2018,2848,941,464007
366,Delaware,Male,2019,3102,955,467961
367,Delaware,Male,2020,2881,973,478444
368,Delaware,Male,2021,2850,1011,484508
369,Florida,Female,1999,42214,15473,NA
370,Florida,Female,2000,43662,15956,8217314
371,Florida,Female,2001,43533,15849,8372776
372,Florida,Female,2002,43326,15953,8541734
373,Florida,Female,2003,42548,15979,8697573
374,Florida,Female,2004,42923,16232,8902447
375,Florida,Female,2005,43987,16267,9117950
376,Florida,Female,2006,44292,16168,9280080
377,Florida,Female,2007,45222,16266,9378587
378,Florida,Female,2008,46674,16469,9465279
379,Florida,Female,2009,46709,16514,9534289
380,Florida,Female,2010,47573,16799,9611955
381,Florida,Female,2011,49856,16862,9724778
382,Florida,Female,2012,50615,16898,9851901
383,Florida,Female,2013,53134,17123,9976877
384,Florida,Female,2014,54090,17389,10130798
385,Florida,Female,2015,56150,17481,10314500
386,Florida,Female,2016,57183,17608,10521425
387,Florida,Female,2017,57459,17785,10701912
388,Florida,Female,2018,59817,18009,10847060
389,Florida,Female,2019,61191,18174,10968797
390,Florida,Female,2020,58059,18043,10973426
391,Florida,Female,2021,63033,18294,11096963
392,Florida,Male,1999,49814,18402,NA
393,Florida,Male,2000,51817,18809,7830201
394,Florida,Male,2001,51882,18769,7984190
395,Florida,Male,2002,51402,18714,8147636
396,Florida,Male,2003,50854,18798,8306512
397,Florida,Male,2004,50712,18877,8512871
398,Florida,Male,2005,52558,19419,8724088
399,Florida,Male,2006,53305,19363,8886910
400,Florida,Male,2007,54747,19039,8989255
401,Florida,Male,2008,55561,19549,9062026
402,Florida,Male,2009,55094,19436,9118355
403,Florida,Male,2010,55157,19720,9189355
404,Florida,Male,2011,57299,19866,9262293
405,Florida,Male,2012,55513,20203,9378173
406,Florida,Male,2013,58913,20395,9497619
407,Florida,Male,2014,60519,20425,9645455
408,Florida,Male,2015,61476,21015,9826132
409,Florida,Male,2016,61962,20850,10021496
410,Florida,Male,2017,61513,21453,10193215
411,Florida,Male,2018,63845,21246,10329357
412,Florida,Male,2019,64788,21234,10441042
413,Florida,Male,2020,61402,21382,10557105
414,Florida,Male,2021,67029,21999,10671620
415,Georgia,Female,1999,13593,5207,NA
416,Georgia,Female,2000,14498,5588,4180233
417,Georgia,Female,2001,14937,5633,4256162
418,Georgia,Female,2002,15538,5655,4327934
419,Georgia,Female,2003,15693,5894,4394952
420,Georgia,Female,2004,16038,5809,4463524
421,Georgia,Female,2005,16236,5913,4555263
422,Georgia,Female,2006,16906,5914,4670606
423,Georgia,Female,2007,18096,6140,4777572
424,Georgia,Female,2008,18382,5996,4856984
425,Georgia,Female,2009,19145,6266,4917756
426,Georgia,Female,2010,18766,6352,4958482
427,Georgia,Female,2011,19758,6430,5005893
428,Georgia,Female,2012,20523,6439,5057673
429,Georgia,Female,2013,20861,6598,5098814
430,Georgia,Female,2014,21912,6798,5150203
431,Georgia,Female,2015,22706,6804,5210773
432,Georgia,Female,2016,23038,6887,5277735
433,Georgia,Female,2017,23408,7030,5335624
434,Georgia,Female,2018,24155,7073,5389701
435,Georgia,Female,2019,24737,7144,5447400
436,Georgia,Female,2020,23463,7140,5481574
437,Georgia,Female,2021,25531,7245,5519133
438,Georgia,Male,1999,14513,6211,NA
439,Georgia,Male,2000,15883,6302,4047070
440,Georgia,Male,2001,16689,6403,4120876
441,Georgia,Male,2002,17072,6508,4180322
442,Georgia,Male,2003,17055,6355,4227841
443,Georgia,Male,2004,17682,6615,4305728
444,Georgia,Male,2005,18078,6697,4370659
445,Georgia,Male,2006,19245,6823,4485207
446,Georgia,Male,2007,20546,6929,4572416
447,Georgia,Male,2008,21022,6760,4647859
448,Georgia,Male,2009,21227,7014,4703090
449,Georgia,Male,2010,20918,7190,4729171
450,Georgia,Male,2011,21552,7259,4728362
451,Georgia,Male,2012,21964,7561,4778824
452,Georgia,Male,2013,22109,7762,4810147
453,Georgia,Male,2014,22711,7864,4851427
454,Georgia,Male,2015,23477,7989,4903550
455,Georgia,Male,2016,25024,8102,4963843
456,Georgia,Male,2017,25248,7960,5013460
457,Georgia,Male,2018,25630,8055,5058416
458,Georgia,Male,2019,26843,8125,5107009
459,Georgia,Male,2020,25151,8070,5188473
460,Georgia,Male,2021,27248,8156,5208444
461,Hawaii,Female,1999,2423,639,NA
462,Hawaii,Female,2000,2223,661,603494
463,Hawaii,Female,2001,2464,687,609189
464,Hawaii,Female,2002,2495,629,616192
465,Hawaii,Female,2003,2510,712,623753
466,Hawaii,Female,2004,2638,678,636864
467,Hawaii,Female,2005,2623,724,644813
468,Hawaii,Female,2006,2601,790,652351
469,Hawaii,Female,2007,2685,781,657185
470,Hawaii,Female,2008,2842,731,665313
471,Hawaii,Female,2009,3058,739,673075
472,Hawaii,Female,2010,3030,766,679058
473,Hawaii,Female,2011,3004,809,682021
474,Hawaii,Female,2012,3179,823,688857
475,Hawaii,Female,2013,3316,840,694320
476,Hawaii,Female,2014,3283,883,696584
477,Hawaii,Female,2015,3286,946,699606
478,Hawaii,Female,2016,3322,916,702507
479,Hawaii,Female,2017,3476,867,702428
480,Hawaii,Female,2018,3336,851,701845
481,Hawaii,Female,2019,3482,942,700375
482,Hawaii,Female,2020,3254,871,712547
483,Hawaii,Female,2021,3519,934,711325
484,Hawaii,Male,1999,2575,914,NA
485,Hawaii,Male,2000,2629,905,610025
486,Hawaii,Male,2001,2626,918,616759
487,Hawaii,Male,2002,2621,907,623421
488,Hawaii,Male,2003,2706,1013,627401
489,Hawaii,Male,2004,2859,959,636705
490,Hawaii,Male,2005,2928,973,647916
491,Hawaii,Male,2006,3046,990,657380
492,Hawaii,Male,2007,3069,1040,658490
493,Hawaii,Male,2008,3194,1062,666900
494,Hawaii,Male,2009,3081,1066,673642
495,Hawaii,Male,2010,3063,1053,681243
496,Hawaii,Male,2011,3122,1057,657510
497,Hawaii,Male,2012,2999,1046,662865
498,Hawaii,Male,2013,3151,1101,667778
499,Hawaii,Male,2014,3044,1144,670752
500,Hawaii,Male,2015,3273,1098,674249
501,Hawaii,Male,2016,3395,1089,677471
502,Hawaii,Male,2017,3492,1146,675308
503,Hawaii,Male,2018,3582,1106,673471
504,Hawaii,Male,2019,3601,1092,670214
505,Hawaii,Male,2020,3368,1171,696372
506,Hawaii,Male,2021,3723,1107,692585
507,Idaho,Female,1999,2245,759,NA
508,Idaho,Female,2000,2417,794,647984
509,Idaho,Female,2001,2355,807,658043
510,Idaho,Female,2002,2462,797,668686
511,Idaho,Female,2003,2461,872,679877
512,Idaho,Female,2004,2491,857,693186
513,Idaho,Female,2005,2630,877,711983
514,Idaho,Female,2006,2838,840,732104
515,Idaho,Female,2007,2954,940,750127
516,Idaho,Female,2008,2983,1008,764792
517,Idaho,Female,2009,3011,936,775398
518,Idaho,Female,2010,3098,861,782258
519,Idaho,Female,2011,3194,950,790070
520,Idaho,Female,2012,3335,946,795885
521,Idaho,Female,2013,3309,1038,803592
522,Idaho,Female,2014,3570,1039,813237
523,Idaho,Female,2015,3641,1085,823342
524,Idaho,Female,2016,3748,1159,839068
525,Idaho,Female,2017,3783,1138,856663
526,Idaho,Female,2018,3811,1157,872575
527,Idaho,Female,2019,4120,1096,890507
528,Idaho,Female,2020,4033,1120,919506
529,Idaho,Female,2021,4190,1204,946631
530,Idaho,Male,1999,2452,964,NA
531,Idaho,Male,2000,2781,977,651446
532,Idaho,Male,2001,2748,953,661919
533,Idaho,Male,2002,2875,991,671686
534,Idaho,Male,2003,2943,1078,683503
535,Idaho,Male,2004,3028,1039,698616
536,Idaho,Male,2005,3305,1102,716258
537,Idaho,Male,2006,3267,1081,736565
538,Idaho,Male,2007,3558,1070,754978
539,Idaho,Male,2008,3459,1131,769528
540,Idaho,Male,2009,3625,1151,779041
541,Idaho,Male,2010,3653,1221,785324
542,Idaho,Male,2011,3682,1217,788707
543,Idaho,Male,2012,3577,1225,795670
544,Idaho,Male,2013,3537,1250,803755
545,Idaho,Male,2014,3644,1343,813647
546,Idaho,Male,2015,3897,1357,823856
547,Idaho,Male,2016,4054,1300,839814
548,Idaho,Male,2017,4348,1373,857574
549,Idaho,Male,2018,4408,1390,874425
550,Idaho,Male,2019,4695,1325,893022
551,Idaho,Male,2020,4584,1388,926145
552,Idaho,Male,2021,4772,1412,954275
553,Illinois,Female,1999,26915,10586,NA
554,Illinois,Female,2000,26929,10810,6345277
555,Illinois,Female,2001,27289,10427,6370443
556,Illinois,Female,2002,27627,10535,6387897
557,Illinois,Female,2003,26954,10453,6402859
558,Illinois,Female,2004,27421,10393,6414209
559,Illinois,Female,2005,27994,10361,6423831
560,Illinois,Female,2006,28758,10338,6440022
561,Illinois,Female,2007,28857,10529,6467577
562,Illinois,Female,2008,29545,10312,6493537
563,Illinois,Female,2009,30106,10229,6520723
564,Illinois,Female,2010,29693,10231,6538356
565,Illinois,Female,2011,30486,10184,6549622
566,Illinois,Female,2012,30254,10304,6556462
567,Illinois,Female,2013,30720,10267,6559455
568,Illinois,Female,2014,31753,10217,6554226
569,Illinois,Female,2015,32243,10175,6538786
570,Illinois,Female,2016,32713,10251,6516906
571,Illinois,Female,2017,32206,10011,6494517
572,Illinois,Female,2018,32780,9923,6465500
573,Illinois,Female,2019,33003,9828,6439036
574,Illinois,Female,2020,29795,9778,6462367
575,Illinois,Female,2021,32788,9631,6411870
576,Illinois,Male,1999,27451,11222,NA
577,Illinois,Male,2000,27703,11296,6088884
578,Illinois,Male,2001,28246,11258,6118002
579,Illinois,Male,2002,29316,11027,6137659
580,Illinois,Male,2003,28647,11013,6153147
581,Illinois,Male,2004,28844,10910,6175564
582,Illinois,Male,2005,28663,10796,6186072
583,Illinois,Male,2006,29632,10723,6203933
584,Illinois,Male,2007,30650,10699,6228289
585,Illinois,Male,2008,31178,10878,6253501
586,Illinois,Male,2009,31027,10870,6276055
587,Illinois,Male,2010,30127,10668,6292276
588,Illinois,Male,2011,30914,10658,6288742
589,Illinois,Male,2012,29873,10982,6297209
590,Illinois,Male,2013,30057,10972,6304769
591,Illinois,Male,2014,30468,11010,6303163
592,Illinois,Male,2015,31512,11201,6291455
593,Illinois,Male,2016,31441,10782,6274276
594,Illinois,Male,2017,32534,10801,6256929
595,Illinois,Male,2018,32240,10520,6229857
596,Illinois,Male,2019,33118,10678,6205073
597,Illinois,Male,2020,30354,10688,6308553
598,Illinois,Male,2021,33255,10417,6256466
599,Indiana,Female,1999,12935,5354,NA
600,Indiana,Female,2000,13132,5450,3103169
601,Indiana,Female,2001,13570,5270,3120158
602,Indiana,Female,2002,13811,5499,3133342
603,Indiana,Female,2003,13583,5387,3152366
604,Indiana,Female,2004,13434,5298,3168952
605,Indiana,Female,2005,13833,5317,3191481
606,Indiana,Female,2006,14303,5384,3218203
607,Indiana,Female,2007,14302,5308,3241454
608,Indiana,Female,2008,14507,5464,3263963
609,Indiana,Female,2009,14707,5336,3281477
610,Indiana,Female,2010,14860,5382,3294065
611,Indiana,Female,2011,14985,5329,3309401
612,Indiana,Female,2012,15100,5389,3318335
613,Indiana,Female,2013,15562,5410,3333021
614,Indiana,Female,2014,15912,5427,3344961
615,Indiana,Female,2015,16256,5458,3351303
616,Indiana,Female,2016,16538,5358,3363800
617,Indiana,Female,2017,16673,5509,3375919
618,Indiana,Female,2018,16846,5504,3393801
619,Indiana,Female,2019,16582,5353,3411448
620,Indiana,Female,2020,0,5555,3421861
621,Indiana,Female,2021,0,5604,3433498
622,Indiana,Male,1999,12777,5924,NA
623,Indiana,Male,2000,13608,5933,2988697
624,Indiana,Male,2001,14057,6046,3007602
625,Indiana,Male,2002,14072,5792,3022625
626,Indiana,Male,2003,14306,5919,3044272
627,Indiana,Male,2004,14344,5749,3064055
628,Indiana,Male,2005,14643,5868,3087135
629,Indiana,Male,2006,15055,5894,3114466
630,Indiana,Male,2007,15342,5925,3138145
631,Indiana,Male,2008,15432,6069,3160843
632,Indiana,Male,2009,15041,6048,3177848
633,Indiana,Male,2010,15095,6095,3189737
634,Indiana,Male,2011,15375,6167,3202918
635,Indiana,Male,2012,15384,6234,3215721
636,Indiana,Male,2013,15563,6231,3232232
637,Indiana,Male,2014,15888,6344,3245610
638,Indiana,Male,2015,16525,6215,3254374
639,Indiana,Male,2016,16981,6325,3267910
640,Indiana,Male,2017,17644,6234,3279434
641,Indiana,Male,2018,16878,6204,3298857
642,Indiana,Male,2019,16684,6322,3317931
643,Indiana,Male,2020,0,6258,3366178
644,Indiana,Male,2021,0,6307,3379186
645,Iowa,Female,1999,7121,2579,NA
646,Iowa,Female,2000,7046,2660,1491775
647,Iowa,Female,2001,7309,2716,1492287
648,Iowa,Female,2002,7350,2734,1491450
649,Iowa,Female,2003,7058,2720,1493907
650,Iowa,Female,2004,7116,2661,1498888
651,Iowa,Female,2005,7100,2636,1503019
652,Iowa,Female,2006,7331,2651,1511124
653,Iowa,Female,2007,7339,2687,1518023
654,Iowa,Female,2008,7369,2617,1525539
655,Iowa,Female,2009,7704,2655,1532739
656,Iowa,Female,2010,7700,2554,1538036
657,Iowa,Female,2011,7615,2576,1545972
658,Iowa,Female,2012,7602,2578,1550296
659,Iowa,Female,2013,7598,2540,1557889
660,Iowa,Female,2014,8035,2610,1565071
661,Iowa,Female,2015,8111,2590,1569550
662,Iowa,Female,2016,8303,2567,1574026
663,Iowa,Female,2017,8403,2540,1578445
664,Iowa,Female,2018,8460,2546,1581365
665,Iowa,Female,2019,8759,2425,1583705
666,Iowa,Female,2020,7967,2486,1592342
667,Iowa,Female,2021,8787,2394,1594748
668,Iowa,Male,1999,7498,2950,NA
669,Iowa,Male,2000,7570,3033,1437292
670,Iowa,Male,2001,7509,2927,1439710
671,Iowa,Male,2002,7534,3019,1442784
672,Iowa,Male,2003,7480,2997,1448092
673,Iowa,Male,2004,7622,2950,1454747
674,Iowa,Male,2005,7826,3041,1461435
675,Iowa,Male,2006,7913,2882,1471520
676,Iowa,Male,2007,7890,2965,1481189
677,Iowa,Male,2008,7949,3060,1491195
678,Iowa,Male,2009,8299,2822,1500131
679,Iowa,Male,2010,8176,2989,1508319
680,Iowa,Male,2011,8321,3010,1516360
681,Iowa,Male,2012,7996,3014,1524338
682,Iowa,Male,2013,8031,3083,1533439
683,Iowa,Male,2014,8351,2987,1542728
684,Iowa,Male,2015,8610,3003,1550111
685,Iowa,Male,2016,8583,2964,1555983
686,Iowa,Male,2017,9028,3011,1561880
687,Iowa,Male,2018,9233,2933,1565452
688,Iowa,Male,2019,9611,2964,1569564
689,Iowa,Male,2020,8792,2839,1598271
690,Iowa,Male,2021,9573,2845,1602903
691,Kansas,Female,1999,5677,2207,NA
692,Kansas,Female,2000,5716,2195,1362500
693,Kansas,Female,2001,5721,2237,1365966
694,Kansas,Female,2002,5710,2239,1371898
695,Kansas,Female,2003,5713,2265,1377415
696,Kansas,Female,2004,5713,2213,1382396
697,Kansas,Female,2005,5821,2294,1387958
698,Kansas,Female,2006,6032,2248,1394092
699,Kansas,Female,2007,6068,2189,1405705
700,Kansas,Female,2008,6104,2110,1415563
701,Kansas,Female,2009,6232,2191,1428139
702,Kansas,Female,2010,6263,2142,1437710
703,Kansas,Female,2011,6379,2243,1442398
704,Kansas,Female,2012,6534,2283,1448470
705,Kansas,Female,2013,6427,2146,1450838
706,Kansas,Female,2014,6593,2223,1453050
707,Kansas,Female,2015,6967,2269,1456653
708,Kansas,Female,2016,6866,2252,1457516
709,Kansas,Female,2017,6939,2124,1456500
710,Kansas,Female,2018,7020,2280,1457477
711,Kansas,Female,2019,7166,2261,1458506
712,Kansas,Female,2020,6656,2175,1460542
713,Kansas,Female,2021,7178,2160,1460480
714,Kansas,Male,1999,6060,2448,NA
715,Kansas,Male,2000,6168,2329,1331181
716,Kansas,Male,2001,6009,2582,1336196
717,Kansas,Male,2002,6074,2414,1341637
718,Kansas,Male,2003,6223,2422,1345589
719,Kansas,Male,2004,6421,2456,1351977
720,Kansas,Male,2005,6321,2478,1357341
721,Kansas,Male,2006,6504,2449,1368839
722,Kansas,Male,2007,7022,2521,1378080
723,Kansas,Male,2008,7170,2524,1392513
724,Kansas,Male,2009,6879,2460,1404565
725,Kansas,Male,2010,6830,2519,1415408
726,Kansas,Male,2011,7185,2486,1406102
727,Kansas,Male,2012,6905,2459,1413716
728,Kansas,Male,2013,6831,2491,1417984
729,Kansas,Male,2014,6783,2600,1424664
730,Kansas,Male,2015,7034,2597,1428521
731,Kansas,Male,2016,6988,2430,1432434
732,Kansas,Male,2017,7434,2551,1430275
733,Kansas,Male,2018,7428,2542,1431145
734,Kansas,Male,2019,7668,2540,1432070
735,Kansas,Male,2020,7065,2575,1456019
736,Kansas,Male,2021,7299,2491,1455712
737,Kentucky,Female,1999,9208,3575,NA
738,Kentucky,Female,2000,9401,3676,2069716
739,Kentucky,Female,2001,9452,3750,2076871
740,Kentucky,Female,2002,9362,3830,2087223
741,Kentucky,Female,2003,9629,3846,2102308
742,Kentucky,Female,2004,9873,3825,2112051
743,Kentucky,Female,2005,9963,3801,2129658
744,Kentucky,Female,2006,10319,3754,2149096
745,Kentucky,Female,2007,10628,3977,2164210
746,Kentucky,Female,2008,10776,3830,2183532
747,Kentucky,Female,2009,10994,3975,2193136
748,Kentucky,Female,2010,10972,4019,2204415
749,Kentucky,Female,2011,11199,4000,2217169
750,Kentucky,Female,2012,11641,4029,2223453
751,Kentucky,Female,2013,11702,4030,2231921
752,Kentucky,Female,2014,12125,4041,2237413
753,Kentucky,Female,2015,12346,4067,2242686
754,Kentucky,Female,2016,12365,4161,2249500
755,Kentucky,Female,2017,12502,3977,2256163
756,Kentucky,Female,2018,12686,4095,2260879
757,Kentucky,Female,2019,12971,3973,2263918
758,Kentucky,Female,2020,11697,4079,2269758
759,Kentucky,Female,2021,12592,3925,2270705
760,Kentucky,Male,1999,10040,4227,NA
761,Kentucky,Male,2000,10317,4447,1979305
762,Kentucky,Male,2001,10551,4485,1991261
763,Kentucky,Male,2002,10622,4489,2002652
764,Kentucky,Male,2003,10471,4489,2014862
765,Kentucky,Male,2004,10667,4201,2034050
766,Kentucky,Male,2005,10802,4569,2053084
767,Kentucky,Male,2006,11620,4437,2070143
768,Kentucky,Male,2007,11763,4531,2092462
769,Kentucky,Male,2008,11841,4590,2106346
770,Kentucky,Male,2009,11818,4409,2123938
771,Kentucky,Male,2010,12212,4758,2134952
772,Kentucky,Male,2011,12315,4549,2130190
773,Kentucky,Male,2012,12398,4726,2138602
774,Kentucky,Male,2013,12476,4834,2152510
775,Kentucky,Male,2014,12648,4862,2157516
776,Kentucky,Male,2015,12819,4853,2164936
777,Kentucky,Male,2016,12963,4763,2172192
778,Kentucky,Male,2017,13262,4724,2179377
779,Kentucky,Male,2018,13436,4659,2183490
780,Kentucky,Male,2019,13818,4614,2186969
781,Kentucky,Male,2020,12908,4575,2222114
782,Kentucky,Male,2021,13656,4829,2218866
783,Louisiana,Female,1999,8865,3637,NA
784,Louisiana,Female,2000,8898,3854,2306978
785,Louisiana,Female,2001,9007,3824,2308063
786,Louisiana,Female,2002,8997,3797,2315524
787,Louisiana,Female,2003,9045,3897,2327153
788,Louisiana,Female,2004,9230,3787,2338753
789,Louisiana,Female,2005,8768,3779,2349441
790,Louisiana,Female,2006,8950,3605,2204072
791,Louisiana,Female,2007,9261,3547,2239125
792,Louisiana,Female,2008,9352,3704,2269630
793,Louisiana,Female,2009,9783,3687,2295199
794,Louisiana,Female,2010,9866,3707,2314080
795,Louisiana,Female,2011,10078,3655,2333414
796,Louisiana,Female,2012,10193,3746,2346629
797,Louisiana,Female,2013,10424,3735,2358407
798,Louisiana,Female,2014,10557,3855,2368456
799,Louisiana,Female,2015,10941,3692,2379350
800,Louisiana,Female,2016,11003,3609,2387733
801,Louisiana,Female,2017,11075,3901,2386354
802,Louisiana,Female,2018,11409,3797,2382979
803,Louisiana,Female,2019,11680,3770,2379275
804,Louisiana,Female,2020,10526,3586,2369508
805,Louisiana,Female,2021,11263,3521,2358825
806,Louisiana,Male,1999,10012,4396,NA
807,Louisiana,Male,2000,10288,4374,2164907
808,Louisiana,Male,2001,10563,4554,2169812
809,Louisiana,Male,2002,10801,4436,2181743
810,Louisiana,Male,2003,10708,4457,2193889
811,Louisiana,Male,2004,10916,4532,2213485
812,Louisiana,Male,2005,10439,4386,2227187
813,Louisiana,Male,2006,10708,4192,2098593
814,Louisiana,Male,2007,11267,4147,2136456
815,Louisiana,Male,2008,11487,4396,2165956
816,Louisiana,Male,2009,11848,4276,2196449
817,Louisiana,Male,2010,11769,4388,2219292
818,Louisiana,Male,2011,12041,4441,2224731
819,Louisiana,Male,2012,12018,4453,2234713
820,Louisiana,Male,2013,11868,4540,2245818
821,Louisiana,Male,2014,12210,4498,2256674
822,Louisiana,Male,2015,12254,4519,2267652
823,Louisiana,Male,2016,12355,4401,2272901
824,Louisiana,Male,2017,12812,4463,2266554
825,Louisiana,Male,2018,13435,4363,2260785
826,Louisiana,Male,2019,13730,4520,2253591
827,Louisiana,Male,2020,12077,4380,2266798
828,Louisiana,Male,2021,13275,4422,2252408
829,Maine,Female,1999,3113,1243,NA
830,Maine,Female,2000,3405,1264,655545
831,Maine,Female,2001,3413,1157,659657
832,Maine,Female,2002,3425,1237,664226
833,Maine,Female,2003,3413,1242,668680
834,Maine,Female,2004,3541,1251,671862
835,Maine,Female,2005,3657,1230,674104
836,Maine,Female,2006,3734,1196,676157
837,Maine,Female,2007,3638,1237,677797
838,Maine,Female,2008,3679,1191,679413
839,Maine,Female,2009,3650,1140,678694
840,Maine,Female,2010,3661,1267,678305
841,Maine,Female,2011,3664,1149,677770
842,Maine,Female,2012,3796,1259,677487
843,Maine,Female,2013,3834,1190,677155
844,Maine,Female,2014,4075,1179,678721
845,Maine,Female,2015,4000,1340,677752
846,Maine,Female,2016,3967,1241,679253
847,Maine,Female,2017,4088,1251,680819
848,Maine,Female,2018,4035,1297,683235
849,Maine,Female,2019,4326,1267,685961
850,Maine,Female,2020,3987,1250,691819
851,Maine,Female,2021,4363,1227,699263
852,Maine,Male,1999,3434,1328,NA
853,Maine,Male,2000,3590,1352,621527
854,Maine,Male,2001,3727,1350,626035
855,Maine,Male,2002,3740,1458,631734
856,Maine,Male,2003,3790,1364,637833
857,Maine,Male,2004,3998,1397,641826
858,Maine,Male,2005,3843,1467,644683
859,Maine,Male,2006,4058,1409,647462
860,Maine,Male,2007,4067,1395,649243
861,Maine,Male,2008,3950,1425,651096
862,Maine,Male,2009,3863,1445,650896
863,Maine,Male,2010,3888,1502,650056
864,Maine,Male,2011,3842,1482,649071
865,Maine,Male,2012,3841,1440,648928
866,Maine,Male,2013,3765,1511,649437
867,Maine,Male,2014,3919,1479,650399
868,Maine,Male,2015,3978,1510,649367
869,Maine,Male,2016,4133,1487,650579
870,Maine,Male,2017,4207,1539,652511
871,Maine,Male,2018,4331,1441,654455
872,Maine,Male,2019,4520,1535,656884
873,Maine,Male,2020,4415,1587,671845
874,Maine,Male,2021,4574,1604,678757
875,Maryland,Female,1999,11075,4222,NA
876,Maryland,Female,2000,11130,4401,2746031
877,Maryland,Female,2001,11021,4382,2779864
878,Maryland,Female,2002,11645,4461,2815197
879,Maryland,Female,2003,12303,4430,2843847
880,Maryland,Female,2004,11739,4417,2870043
881,Maryland,Female,2005,11698,4463,2891761
882,Maryland,Female,2006,11777,4488,2907963
883,Maryland,Female,2007,12606,4376,2920109
884,Maryland,Female,2008,12926,4439,2935788
885,Maryland,Female,2009,13103,4470,2960001
886,Maryland,Female,2010,13051,4372,2981790
887,Maryland,Female,2011,13284,4348,3007524
888,Maryland,Female,2012,13506,4449,3030082
889,Maryland,Female,2013,14099,4495,3047579
890,Maryland,Female,2014,14207,4551,3065081
891,Maryland,Female,2015,14619,4438,3079004
892,Maryland,Female,2016,14669,4612,3086242
893,Maryland,Female,2017,15080,4481,3096852
894,Maryland,Female,2018,14976,4551,3104011
895,Maryland,Female,2019,15813,4543,3109623
896,Maryland,Female,2020,14276,4502,3161377
897,Maryland,Female,2021,15301,4335,3163024
898,Maryland,Male,1999,11676,4548,NA
899,Maryland,Male,2000,11926,4592,2565003
900,Maryland,Male,2001,11598,4618,2594827
901,Maryland,Male,2002,12459,4652,2625192
902,Maryland,Male,2003,12537,4565,2652422
903,Maryland,Male,2004,11315,4481,2676892
904,Maryland,Male,2005,11789,4620,2700618
905,Maryland,Male,2006,12171,4559,2719404
906,Maryland,Male,2007,13098,4532,2733299
907,Maryland,Male,2008,13150,4623,2749177
908,Maryland,Male,2009,13059,4648,2770387
909,Maryland,Male,2010,13316,4553,2791762
910,Maryland,Male,2011,13226,4548,2803075
911,Maryland,Male,2012,13034,4680,2829090
912,Maryland,Male,2013,13651,4689,2846770
913,Maryland,Male,2014,13628,4778,2862521
914,Maryland,Male,2015,14096,4689,2876393
915,Maryland,Male,2016,14391,4765,2880858
916,Maryland,Male,2017,14779,4697,2890767
917,Maryland,Male,2018,15218,4752,2896740
918,Maryland,Male,2019,16230,4697,2901006
919,Maryland,Male,2020,13722,4718,2980519
920,Maryland,Male,2021,15144,4621,2979573
921,Massachusetts,Female,1999,15462,5855,NA
922,Massachusetts,Female,2000,15464,6032,3296245
923,Massachusetts,Female,2001,15753,5998,3312567
924,Massachusetts,Female,2002,16102,6117,3319436
925,Massachusetts,Female,2003,15794,5888,3320817
926,Massachusetts,Female,2004,16030,5766,3314634
927,Massachusetts,Female,2005,16021,5706,3309010
928,Massachusetts,Female,2006,16638,5700,3311185
929,Massachusetts,Female,2007,16503,5493,3321653
930,Massachusetts,Female,2008,17232,5553,3340730
931,Massachusetts,Female,2009,17247,5703,3365859
932,Massachusetts,Female,2010,16545,5488,3381001
933,Massachusetts,Female,2011,17071,5447,3411504
934,Massachusetts,Female,2012,17274,5409,3433819
935,Massachusetts,Female,2013,17461,5474,3459046
936,Massachusetts,Female,2014,17740,5310,3482834
937,Massachusetts,Female,2015,18237,5403,3498600
938,Massachusetts,Female,2016,18428,5231,3512242
939,Massachusetts,Female,2017,18258,5372,3529952
940,Massachusetts,Female,2018,17672,5119,3542065
941,Massachusetts,Female,2019,18607,5072,3546076
942,Massachusetts,Female,2020,16806,4988,3576075
943,Massachusetts,Female,2021,16729,4952,3573948
944,Massachusetts,Male,1999,14942,6062,NA
945,Massachusetts,Male,2000,15436,6087,3064859
946,Massachusetts,Male,2001,15851,5932,3085067
947,Massachusetts,Male,2002,16064,5949,3097770
948,Massachusetts,Male,2003,15549,5911,3101748
949,Massachusetts,Male,2004,15571,5744,3097647
950,Massachusetts,Male,2005,16010,5701,3094280
951,Massachusetts,Male,2006,16419,5908,3098899
952,Massachusetts,Male,2007,16717,5724,3109906
953,Massachusetts,Male,2008,16622,5681,3128237
954,Massachusetts,Male,2009,16467,5591,3151754
955,Massachusetts,Male,2010,16014,5657,3166628
956,Massachusetts,Male,2011,16542,5627,3194591
957,Massachusetts,Male,2012,15611,5591,3223186
958,Massachusetts,Male,2013,15586,5594,3248502
959,Massachusetts,Male,2014,15920,5640,3274145
960,Massachusetts,Male,2015,16536,5468,3290650
961,Massachusetts,Male,2016,17143,5589,3306304
962,Massachusetts,Male,2017,17681,5610,3324786
963,Massachusetts,Male,2018,17191,5547,3335636
964,Massachusetts,Male,2019,18213,5451,3341495
965,Massachusetts,Male,2020,16380,5393,3417759
966,Massachusetts,Male,2021,15325,5339,3414342
967,Michigan,Female,1999,22030,8300,NA
968,Michigan,Female,2000,22278,8374,5072182
969,Michigan,Female,2001,22601,8278,5089289
970,Michigan,Female,2002,22772,8464,5100171
971,Michigan,Female,2003,22833,8285,5110521
972,Michigan,Female,2004,22684,8213,5117929
973,Michigan,Female,2005,23185,8504,5114320
974,Michigan,Female,2006,23478,8658,5106621
975,Michigan,Female,2007,24027,8480,5091035
976,Michigan,Female,2008,24179,8576,5065899
977,Michigan,Female,2009,24251,8572,5044338
978,Michigan,Female,2010,23875,8579,5035526
979,Michigan,Female,2011,24606,8533,5033448
980,Michigan,Female,2012,24679,8559,5037609
981,Michigan,Female,2013,24678,8442,5043525
982,Michigan,Female,2014,24657,8802,5049223
983,Michigan,Female,2015,25639,8581,5046760
984,Michigan,Female,2016,25951,8590,5053391
985,Michigan,Female,2017,25663,8448,5062604
986,Michigan,Female,2018,25826,8502,5067339
987,Michigan,Female,2019,25818,8624,5067806
988,Michigan,Female,2020,23666,8469,5077238
989,Michigan,Female,2021,24621,8516,5061452
990,Michigan,Male,1999,24523,8951,NA
991,Michigan,Male,2000,25176,9090,4880268
992,Michigan,Male,2001,25158,9038,4901831
993,Michigan,Male,2002,25544,9117,4915539
994,Michigan,Male,2003,25594,9059,4930631
995,Michigan,Male,2004,25031,9046,4937386
996,Michigan,Male,2005,25036,9179,4936817
997,Michigan,Male,2006,25824,9151,4929460
998,Michigan,Male,2007,27225,9234,4910249
999,Michigan,Male,2008,26693,9244,4880990
1000,Michigan,Male,2009,26435,9341,4857253
1001,Michigan,Male,2010,26863,9497,4848114
1002,Michigan,Male,2011,27178,9337,4843070
1003,Michigan,Male,2012,25435,9423,4853866
1004,Michigan,Male,2013,24745,9432,4865181
1005,Michigan,Male,2014,24911,9673,4876418
1006,Michigan,Male,2015,26001,9512,4880769
1007,Michigan,Male,2016,27171,9500,4893191
1008,Michigan,Male,2017,26714,9397,4906742
1009,Michigan,Male,2018,26831,9546,4913024
1010,Michigan,Male,2019,27764,9459,4915342
1011,Michigan,Male,2020,25371,9727,4991234
1012,Michigan,Male,2021,26103,9656,4974517
1013,Minnesota,Female,1999,9764,3684,NA
1014,Minnesota,Female,2000,9991,3832,2490622
1015,Minnesota,Female,2001,10314,3731,2514149
1016,Minnesota,Female,2002,10404,3798,2531205
1017,Minnesota,Female,2003,10231,3790,2546999
1018,Minnesota,Female,2004,10458,3765,2564037
1019,Minnesota,Female,2005,10574,3712,2579546
1020,Minnesota,Female,2006,10722,3706,2600951
1021,Minnesota,Female,2007,11420,3687,2622551
1022,Minnesota,Female,2008,11568,3973,2642672
1023,Minnesota,Female,2009,11813,3894,2659958
1024,Minnesota,Female,2010,11946,3891,2671793
1025,Minnesota,Female,2011,12216,3824,2691368
1026,Minnesota,Female,2012,12553,3755,2705370
1027,Minnesota,Female,2013,12582,3883,2723243
1028,Minnesota,Female,2014,13056,3865,2740876
1029,Minnesota,Female,2015,13657,3990,2754572
1030,Minnesota,Female,2016,13575,3908,2773512
1031,Minnesota,Female,2017,14123,3896,2794346
1032,Minnesota,Female,2018,14399,3891,2813463
1033,Minnesota,Female,2019,14825,3841,2829462
1034,Minnesota,Female,2020,13721,3944,2847246
1035,Minnesota,Female,2021,14966,3954,2850594
1036,Minnesota,Male,1999,10415,3968,NA
1037,Minnesota,Male,2000,10955,4056,2443070
1038,Minnesota,Male,2001,11244,4012,2468647
1039,Minnesota,Male,2002,11405,4136,2487730
1040,Minnesota,Male,2003,11249,4045,2506573
1041,Minnesota,Male,2004,11795,4042,2523676
1042,Minnesota,Male,2005,11768,3857,2540052
1043,Minnesota,Male,2006,12439,4000,2562604
1044,Minnesota,Male,2007,12986,4194,2584652
1045,Minnesota,Male,2008,12919,4148,2604346
1046,Minnesota,Male,2009,12636,4274,2621245
1047,Minnesota,Male,2010,12718,4298,2632132
1048,Minnesota,Male,2011,13190,4280,2649790
1049,Minnesota,Male,2012,12667,4225,2668496
1050,Minnesota,Male,2013,12791,4318,2687676
1051,Minnesota,Male,2014,12984,4367,2707373
1052,Minnesota,Male,2015,14060,4443,2725269
1053,Minnesota,Male,2016,13879,4398,2746941
1054,Minnesota,Male,2017,15048,4447,2769877
1055,Minnesota,Male,2018,15280,4467,2790648
1056,Minnesota,Male,2019,15652,4560,2808032
1057,Minnesota,Male,2020,14445,4438,2862637
1058,Minnesota,Male,2021,15798,4559,2866680
1059,Mississippi,Female,1999,0,2387,NA
1060,Mississippi,Female,2000,0,2438,1472553
1061,Mississippi,Female,2001,0,2311,1473486
1062,Mississippi,Female,2002,0,2437,1475412
1063,Mississippi,Female,2003,5544,2372,1479611
1064,Mississippi,Female,2004,5815,2409,1490115
1065,Mississippi,Female,2005,5765,2410,1497962
1066,Mississippi,Female,2006,5760,2438,1496313
1067,Mississippi,Female,2007,6048,2287,1507071
1068,Mississippi,Female,2008,6425,2456,1516955
1069,Mississippi,Female,2009,6352,2357,1522000
1070,Mississippi,Female,2010,6450,2495,1526057
1071,Mississippi,Female,2011,6477,2395,1528813
1072,Mississippi,Female,2012,6639,2543,1531398
1073,Mississippi,Female,2013,6655,2538,1533637
1074,Mississippi,Female,2014,6847,2508,1535768
1075,Mississippi,Female,2015,6892,2464,1536347
1076,Mississippi,Female,2016,7289,2538,1536552
1077,Mississippi,Female,2017,7205,2590,1536544
1078,Mississippi,Female,2018,7399,2545,1533222
1079,Mississippi,Female,2019,7446,2550,1531584
1080,Mississippi,Female,2020,6594,2637,1518078
1081,Mississippi,Female,2021,7352,2619,1514416
1082,Mississippi,Male,1999,0,3026,NA
1083,Mississippi,Male,2000,0,3004,1375800
1084,Mississippi,Male,2001,0,2992,1379508
1085,Mississippi,Male,2002,0,2981,1383269
1086,Mississippi,Male,2003,6643,2945,1388701
1087,Mississippi,Male,2004,6695,2867,1398895
1088,Mississippi,Male,2005,6815,2920,1407981
1089,Mississippi,Male,2006,7404,3104,1408665
1090,Mississippi,Male,2007,7745,3022,1421279
1091,Mississippi,Male,2008,7799,3023,1430851
1092,Mississippi,Male,2009,7542,3040,1436774
1093,Mississippi,Male,2010,7660,3020,1441240
1094,Mississippi,Male,2011,7828,3068,1433272
1095,Mississippi,Male,2012,7622,3145,1435217
1096,Mississippi,Male,2013,7866,3177,1438900
1097,Mississippi,Male,2014,7910,3149,1439534
1098,Mississippi,Male,2015,8059,3197,1437311
1099,Mississippi,Male,2016,8118,3144,1437764
1100,Mississippi,Male,2017,8433,3094,1438155
1101,Mississippi,Male,2018,8570,3095,1433740
1102,Mississippi,Male,2019,8636,3224,1430509
1103,Mississippi,Male,2020,7441,3095,1427172
1104,Mississippi,Male,2021,8276,3164,1421885
1105,Missouri,Female,1999,12471,5179,NA
1106,Missouri,Female,2000,12619,5047,2879787
1107,Missouri,Female,2001,12543,5208,2895476
1108,Missouri,Female,2002,12693,5143,2910476
1109,Missouri,Female,2003,12938,5226,2926556
1110,Missouri,Female,2004,12923,5177,2942685
1111,Missouri,Female,2005,13460,5106,2962870
1112,Missouri,Female,2006,13587,5271,2987563
1113,Missouri,Female,2007,13577,5072,3007493
1114,Missouri,Female,2008,14030,5263,3024837
1115,Missouri,Female,2009,14452,5116,3042021
1116,Missouri,Female,2010,14202,5302,3055450
1117,Missouri,Female,2011,14643,5184,3061984
1118,Missouri,Female,2012,14794,5280,3068754
1119,Missouri,Female,2013,14785,5339,3074873
1120,Missouri,Female,2014,15092,5294,3082443
1121,Missouri,Female,2015,15395,5273,3089734
1122,Missouri,Female,2016,15475,5173,3096653
1123,Missouri,Female,2017,15914,5162,3106223
1124,Missouri,Female,2018,15709,5140,3113531
1125,Missouri,Female,2019,16235,5159,3121595
1126,Missouri,Female,2020,15305,5106,3112300
1127,Missouri,Female,2021,15848,5211,3120686
1128,Missouri,Male,1999,13022,5434,NA
1129,Missouri,Male,2000,12763,5601,2727498
1130,Missouri,Male,2001,13349,5542,2745666
1131,Missouri,Male,2002,13524,5654,2764349
1132,Missouri,Male,2003,13483,5637,2782847
1133,Missouri,Male,2004,13515,5795,2805056
1134,Missouri,Male,2005,14348,5789,2827430
1135,Missouri,Male,2006,14457,5707,2855141
1136,Missouri,Male,2007,15004,5742,2880119
1137,Missouri,Male,2008,14473,5771,2899079
1138,Missouri,Male,2009,14671,5863,2919067
1139,Missouri,Male,2010,14098,5777,2933477
1140,Missouri,Male,2011,14936,5739,2928777
1141,Missouri,Male,2012,14603,5936,2937087
1142,Missouri,Male,2013,14276,5942,2945863
1143,Missouri,Male,2014,14592,6067,2955940
1144,Missouri,Male,2015,14804,6006,2966465
1145,Missouri,Male,2016,14938,5844,2974596
1146,Missouri,Male,2017,15890,6036,2983574
1147,Missouri,Male,2018,15976,6105,2989220
1148,Missouri,Male,2019,15815,5911,2996962
1149,Missouri,Male,2020,15349,5917,3025438
1150,Missouri,Male,2021,15705,6015,3034596
1151,Montana,Female,1999,1939,633,NA
1152,Montana,Female,2000,2035,659,453425
1153,Montana,Female,2001,2125,681,454683
1154,Montana,Female,2002,2011,697,456712
1155,Montana,Female,2003,2020,667,460116
1156,Montana,Female,2004,1998,691,465000
1157,Montana,Female,2005,2199,697,469780
1158,Montana,Female,2006,2188,664,475341
1159,Montana,Female,2007,2216,708,480939
1160,Montana,Female,2008,2279,636,486477
1161,Montana,Female,2009,2333,678,490122
1162,Montana,Female,2010,2392,656,492748
1163,Montana,Female,2011,2452,713,496332
1164,Montana,Female,2012,2379,707,499190
1165,Montana,Female,2013,2483,730,503607
1166,Montana,Female,2014,2533,765,507398
1167,Montana,Female,2015,2593,760,511189
1168,Montana,Female,2016,2631,690,516242
1169,Montana,Female,2017,2779,703,522101
1170,Montana,Female,2018,2682,681,526198
1171,Montana,Female,2019,2740,689,530098
1172,Montana,Female,2020,2488,725,535355
1173,Montana,Female,2021,2712,658,544917
1174,Montana,Male,1999,2251,832,NA
1175,Montana,Male,2000,2336,844,450348
1176,Montana,Male,2001,2428,904,452278
1177,Montana,Male,2002,2507,823,454955
1178,Montana,Male,2003,2461,845,459514
1179,Montana,Male,2004,2484,815,465009
1180,Montana,Male,2005,2572,897,470322
1181,Montana,Male,2006,2583,902,477351
1182,Montana,Male,2007,2671,854,483767
1183,Montana,Male,2008,2620,859,489938
1184,Montana,Male,2009,2763,859,493860
1185,Montana,Male,2010,2722,871,496667
1186,Montana,Male,2011,2744,933,496672
1187,Montana,Male,2012,2614,879,500553
1188,Montana,Male,2013,2701,892,506053
1189,Montana,Male,2014,2696,930,510642
1190,Montana,Male,2015,2917,956,515573
1191,Montana,Male,2016,3079,945,520931
1192,Montana,Male,2017,3151,982,526774
1193,Montana,Male,2018,3290,920,530905
1194,Montana,Male,2019,3245,934,535119
1195,Montana,Male,2020,3035,945,548359
1196,Montana,Male,2021,3281,1003,558102
1197,Nebraska,Female,1999,3761,1402,NA
1198,Nebraska,Female,2000,3811,1418,868980
1199,Nebraska,Female,2001,3786,1384,871208
1200,Nebraska,Female,2002,3896,1380,874803
1201,Nebraska,Female,2003,3740,1355,879362
1202,Nebraska,Female,2004,3787,1329,883984
1203,Nebraska,Female,2005,3896,1350,889468
1204,Nebraska,Female,2006,3922,1339,894687
1205,Nebraska,Female,2007,4065,1369,900106
1206,Nebraska,Female,2008,4177,1388,905814
1207,Nebraska,Female,2009,3961,1328,913619
1208,Nebraska,Female,2010,4115,1426,920045
1209,Nebraska,Female,2011,4073,1342,925527
1210,Nebraska,Female,2012,3985,1374,931285
1211,Nebraska,Female,2013,4238,1406,936189
1212,Nebraska,Female,2014,4253,1332,942343
1213,Nebraska,Female,2015,4557,1416,947506
1214,Nebraska,Female,2016,4549,1387,953850
1215,Nebraska,Female,2017,4569,1374,958360
1216,Nebraska,Female,2018,4767,1380,963019
1217,Nebraska,Female,2019,4641,1382,966738
1218,Nebraska,Female,2020,4197,1402,975255
1219,Nebraska,Female,2021,4534,1391,975445
1220,Nebraska,Male,1999,4007,1499,NA
1221,Nebraska,Male,2000,4055,1542,844840
1222,Nebraska,Male,2001,4025,1519,848628
1223,Nebraska,Male,2002,4096,1514,853489
1224,Nebraska,Male,2003,4013,1472,859281
1225,Nebraska,Male,2004,4213,1502,865386
1226,Nebraska,Male,2005,4323,1523,872029
1227,Nebraska,Male,2006,4380,1604,878006
1228,Nebraska,Male,2007,4523,1559,883334
1229,Nebraska,Male,2008,4371,1542,890564
1230,Nebraska,Male,2009,4188,1546,899064
1231,Nebraska,Male,2010,4366,1542,906296
1232,Nebraska,Male,2011,4441,1601,907625
1233,Nebraska,Male,2012,4343,1608,915509
1234,Nebraska,Male,2013,4404,1557,922516
1235,Nebraska,Male,2014,4424,1618,930252
1236,Nebraska,Male,2015,4503,1597,937226
1237,Nebraska,Male,2016,4793,1548,945090
1238,Nebraska,Male,2017,5002,1606,950918
1239,Nebraska,Male,2018,5169,1589,955990
1240,Nebraska,Male,2019,5190,1583,961065
1241,Nebraska,Male,2020,4400,1573,981685
1242,Nebraska,Male,2021,4791,1667,982414
1243,Nevada,Female,1999,3288,1393,NA
1244,Nevada,Female,2000,4091,1474,990315
1245,Nevada,Female,2001,4154,1498,1030850
1246,Nevada,Female,2002,4262,1572,1069764
1247,Nevada,Female,2003,4298,1611,1108135
1248,Nevada,Female,2004,4609,1739,1156586
1249,Nevada,Female,2005,4467,1717,1198846
1250,Nevada,Female,2006,4783,1638,1243993
1251,Nevada,Female,2007,4746,1737,1284052
1252,Nevada,Female,2008,5118,1717,1310601
1253,Nevada,Female,2009,5128,1777,1327618
1254,Nevada,Female,2010,5194,1782,1336935
1255,Nevada,Female,2011,5378,1850,1342974
1256,Nevada,Female,2012,5306,1874,1359235
1257,Nevada,Female,2013,5557,1945,1376433
1258,Nevada,Female,2014,5739,2010,1398494
1259,Nevada,Female,2015,5778,2036,1424649
1260,Nevada,Female,2016,6109,2130,1450644
1261,Nevada,Female,2017,6572,2109,1477612
1262,Nevada,Female,2018,6030,2014,1506800
1263,Nevada,Female,2019,5723,2134,1533310
1264,Nevada,Female,2020,6328,2185,1542778
1265,Nevada,Female,2021,6394,2052,1558982
1266,Nevada,Male,1999,3685,1662,NA
1267,Nevada,Male,2000,4779,1738,1028426
1268,Nevada,Male,2001,4959,1820,1067549
1269,Nevada,Male,2002,5181,1813,1104027
1270,Nevada,Male,2003,5132,2023,1140715
1271,Nevada,Male,2004,5195,1830,1189636
1272,Nevada,Male,2005,5158,1956,1233297
1273,Nevada,Male,2006,5543,2029,1278665
1274,Nevada,Male,2007,5586,2027,1317020
1275,Nevada,Male,2008,5915,2098,1343029
1276,Nevada,Male,2009,6165,2113,1357047
1277,Nevada,Male,2010,5776,2173,1363616
1278,Nevada,Male,2011,5883,2205,1357924
1279,Nevada,Male,2012,5694,2156,1372894
1280,Nevada,Male,2013,5729,2306,1387545
1281,Nevada,Male,2014,5643,2403,1407218
1282,Nevada,Male,2015,5569,2357,1431220
1283,Nevada,Male,2016,6177,2343,1455633
1284,Nevada,Male,2017,6647,2469,1481315
1285,Nevada,Male,2018,6392,2436,1509714
1286,Nevada,Male,2019,6287,2482,1536019
1287,Nevada,Male,2020,6676,2508,1561172
1288,Nevada,Male,2021,6581,2432,1575329
1289,New Hampshire,Female,1999,2630,951,NA
1290,New Hampshire,Female,2000,2726,973,630111
1291,New Hampshire,Female,2001,2799,928,637412
1292,New Hampshire,Female,2002,2969,998,643680
1293,New Hampshire,Female,2003,2952,956,648513
1294,New Hampshire,Female,2004,3092,1045,653845
1295,New Hampshire,Female,2005,3233,1027,657932
1296,New Hampshire,Female,2006,3161,1015,662773
1297,New Hampshire,Female,2007,3176,1037,664987
1298,New Hampshire,Female,2008,3332,1008,666576
1299,New Hampshire,Female,2009,3359,986,666875
1300,New Hampshire,Female,2010,3373,976,667076
1301,New Hampshire,Female,2011,3526,1057,668618
1302,New Hampshire,Female,2012,3549,978,670544
1303,New Hampshire,Female,2013,3736,982,671336
1304,New Hampshire,Female,2014,3751,1042,673943
1305,New Hampshire,Female,2015,3745,1076,674710
1306,New Hampshire,Female,2016,3912,1056,677489
1307,New Hampshire,Female,2017,3784,1036,680836
1308,New Hampshire,Female,2018,3873,1079,682532
1309,New Hampshire,Female,2019,4062,1061,685759
1310,New Hampshire,Female,2020,3697,1032,691224
1311,New Hampshire,Female,2021,3871,1023,695005
1312,New Hampshire,Male,1999,2716,1067,NA
1313,New Hampshire,Male,2000,2937,1102,609771
1314,New Hampshire,Male,2001,3053,1058,618105
1315,New Hampshire,Male,2002,3243,1142,625409
1316,New Hampshire,Male,2003,3121,1108,631327
1317,New Hampshire,Male,2004,3268,1137,636276
1318,New Hampshire,Male,2005,3373,1117,640560
1319,New Hampshire,Male,2006,3417,1137,645616
1320,New Hampshire,Male,2007,3581,1148,647553
1321,New Hampshire,Male,2008,3620,1133,649330
1322,New Hampshire,Male,2009,3642,1164,649227
1323,New Hampshire,Male,2010,3689,1068,649394
1324,New Hampshire,Male,2011,3826,1217,649356
1325,New Hampshire,Male,2012,3588,1252,652227
1326,New Hampshire,Male,2013,3699,1168,653787
1327,New Hampshire,Male,2014,3642,1176,658009
1328,New Hampshire,Male,2015,3721,1210,660024
1329,New Hampshire,Male,2016,3948,1303,663373
1330,New Hampshire,Male,2017,4102,1274,666609
1331,New Hampshire,Male,2018,4212,1170,669627
1332,New Hampshire,Male,2019,4340,1277,672647
1333,New Hampshire,Male,2020,3858,1280,686967
1334,New Hampshire,Male,2021,4185,1308,691908
1335,New Jersey,Female,1999,20617,7781,NA
1336,New Jersey,Female,2000,20948,7886,4340112
1337,New Jersey,Female,2001,21490,7937,4369932
1338,New Jersey,Female,2002,21156,7846,4398801
1339,New Jersey,Female,2003,20818,7892,4421964
1340,New Jersey,Female,2004,21460,7651,4436964
1341,New Jersey,Female,2005,21432,7507,4443545
1342,New Jersey,Female,2006,21797,7659,4448099
1343,New Jersey,Female,2007,21887,7465,4455148
1344,New Jersey,Female,2008,22244,7502,4469901
1345,New Jersey,Female,2009,22590,7239,4493506
1346,New Jersey,Female,2010,22430,7234,4512294
1347,New Jersey,Female,2011,22662,7268,4525976
1348,New Jersey,Female,2012,22902,7070,4532696
1349,New Jersey,Female,2013,23625,7030,4536468
1350,New Jersey,Female,2014,23829,7146,4538923
1351,New Jersey,Female,2015,24089,6945,4540108
1352,New Jersey,Female,2016,24175,7144,4539452
1353,New Jersey,Female,2017,24366,6923,4545430
1354,New Jersey,Female,2018,24636,6761,4543829
1355,New Jersey,Female,2019,24543,6653,4540093
1356,New Jersey,Female,2020,22259,6599,4709127
1357,New Jersey,Female,2021,25245,6477,4707935
1358,New Jersey,Male,1999,21414,7884,NA
1359,New Jersey,Male,2000,22104,7794,4090509
1360,New Jersey,Male,2001,23031,7834,4122739
1361,New Jersey,Male,2002,23138,7631,4153842
1362,New Jersey,Male,2003,21542,7709,4179438
1363,New Jersey,Male,2004,21242,7323,4197597
1364,New Jersey,Male,2005,21562,7356,4208429
1365,New Jersey,Male,2006,22679,7221,4213580
1366,New Jersey,Male,2007,23174,7390,4222737
1367,New Jersey,Male,2008,22571,7184,4241189
1368,New Jersey,Male,2009,22819,6965,4262096
1369,New Jersey,Male,2010,22468,7249,4279600
1370,New Jersey,Male,2011,23284,7145,4292793
1371,New Jersey,Male,2012,22276,7203,4302693
1372,New Jersey,Male,2013,22457,7036,4311068
1373,New Jersey,Male,2014,22248,7048,4315746
1374,New Jersey,Male,2015,23251,7018,4318782
1375,New Jersey,Male,2016,23662,6909,4322183
1376,New Jersey,Male,2017,24522,6936,4330675
1377,New Jersey,Male,2018,24695,6884,4332803
1378,New Jersey,Male,2019,25653,6639,4332703
1379,New Jersey,Male,2020,23214,6564,4555466
1380,New Jersey,Male,2021,25717,6453,4553235
1381,New Mexico,Female,1999,3135,1070,NA
1382,New Mexico,Female,2000,3152,1127,925624
1383,New Mexico,Female,2001,3171,1059,930387
1384,New Mexico,Female,2002,3288,1126,941856
1385,New Mexico,Female,2003,3294,1227,952303
1386,New Mexico,Female,2004,3575,1230,964738
1387,New Mexico,Female,2005,3512,1246,978520
1388,New Mexico,Female,2006,3569,1233,993969
1389,New Mexico,Female,2007,3654,1232,1007922
1390,New Mexico,Female,2008,3859,1282,1018578
1391,New Mexico,Female,2009,3988,1248,1031238
1392,New Mexico,Female,2010,3907,1304,1041758
1393,New Mexico,Female,2011,4012,1306,1050189
1394,New Mexico,Female,2012,4196,1351,1052563
1395,New Mexico,Female,2013,4221,1329,1054416
1396,New Mexico,Female,2014,4204,1328,1052765
1397,New Mexico,Female,2015,4456,1434,1053023
1398,New Mexico,Female,2016,4406,1421,1054149
1399,New Mexico,Female,2017,4439,1379,1054546
1400,New Mexico,Female,2018,4416,1300,1055348
1401,New Mexico,Female,2019,4653,1332,1057544
1402,New Mexico,Female,2020,4055,1436,1062525
1403,New Mexico,Female,2021,4471,1426,1062052
1404,New Mexico,Male,1999,3506,1263,NA
1405,New Mexico,Male,2000,3470,1312,895580
1406,New Mexico,Male,2001,3664,1338,901303
1407,New Mexico,Male,2002,3783,1401,913453
1408,New Mexico,Male,2003,3780,1461,925271
1409,New Mexico,Male,2004,3908,1366,939070
1410,New Mexico,Male,2005,3958,1378,953754
1411,New Mexico,Male,2006,4119,1423,968168
1412,New Mexico,Male,2007,4281,1491,982148
1413,New Mexico,Male,2008,4200,1542,992084
1414,New Mexico,Male,2009,4258,1437,1005564
1415,New Mexico,Male,2010,4265,1536,1017421
1416,New Mexico,Male,2011,4049,1510,1017432
1417,New Mexico,Male,2012,3856,1609,1021586
1418,New Mexico,Male,2013,3957,1587,1024733
1419,New Mexico,Male,2014,4173,1607,1024097
1420,New Mexico,Male,2015,4205,1606,1024788
1421,New Mexico,Male,2016,4272,1568,1025690
1422,New Mexico,Male,2017,4370,1671,1025576
1423,New Mexico,Male,2018,4376,1707,1025741
1424,New Mexico,Male,2019,4599,1683,1027630
1425,New Mexico,Male,2020,4191,1630,1043040
1426,New Mexico,Male,2021,4393,1739,1041970
1427,New York,Female,1999,44055,16581,NA
1428,New York,Female,2000,44810,16516,9842061
1429,New York,Female,2001,44513,16411,9878713
1430,New York,Female,2002,44296,16318,9902927
1431,New York,Female,2003,44884,16170,9917810
1432,New York,Female,2004,45342,16083,9913527
1433,New York,Female,2005,45756,15822,9887467
1434,New York,Female,2006,46495,15583,9871401
1435,New York,Female,2007,47028,15506,9881510
1436,New York,Female,2008,48488,15423,9918841
1437,New York,Female,2009,48754,15139,9966620
1438,New York,Female,2010,48070,15513,10000955
1439,New York,Female,2011,49805,15538,10053616
1440,New York,Female,2012,49334,15487,10084358
1441,New York,Female,2013,51402,15319,10106792
1442,New York,Female,2014,51513,14907,10118252
1443,New York,Female,2015,52203,14859,10116769
1444,New York,Female,2016,51913,14927,10100397
1445,New York,Female,2017,53036,14675,10074815
1446,New York,Female,2018,52549,14554,10042909
1447,New York,Female,2019,54270,14008,10002490
1448,New York,Female,2020,47855,13627,10283189
1449,New York,Female,2021,53778,13441,10154848
1450,New York,Male,1999,43421,16365,NA
1451,New York,Male,2000,45300,16305,9159719
1452,New York,Male,2001,44965,16228,9204125
1453,New York,Male,2002,46094,16055,9234873
1454,New York,Male,2003,45264,15710,9258129
1455,New York,Male,2004,45582,15795,9258040
1456,New York,Male,2005,46321,15535,9245143
1457,New York,Male,2006,48360,15417,9233230
1458,New York,Male,2007,49448,15647,9250825
1459,New York,Male,2008,49534,15508,9293595
1460,New York,Male,2009,49794,15681,9340446
1461,New York,Male,2010,48512,15541,9377147
1462,New York,Male,2011,50723,15426,9421823
1463,New York,Male,2012,48383,15755,9457881
1464,New York,Male,2013,49611,15731,9492974
1465,New York,Male,2014,49318,15627,9506654
1466,New York,Male,2015,50111,15208,9512424
1467,New York,Male,2016,51350,15370,9508098
1468,New York,Male,2017,52246,15153,9488800
1469,New York,Male,2018,52432,14728,9462499
1470,New York,Male,2019,54401,14371,9426127
1471,New York,Male,2020,48146,13969,9801387
1472,New York,Male,2021,54041,13695,9678752
1473,North Carolina,Female,1999,15570,6369,NA
1474,North Carolina,Female,2000,16030,6329,4119034
1475,North Carolina,Female,2001,16329,6552,4187317
1476,North Carolina,Female,2002,16625,6661,4250179
1477,North Carolina,Female,2003,16911,6588,4313901
1478,North Carolina,Female,2004,17972,6701,4376070
1479,North Carolina,Female,2005,19014,6947,4457189
1480,North Carolina,Female,2006,19732,7086,4563152
1481,North Carolina,Female,2007,20351,7175,4677313
1482,North Carolina,Female,2008,20714,7127,4771376
1483,North Carolina,Female,2009,21861,7021,4846501
1484,North Carolina,Female,2010,22057,7246,4889991
1485,North Carolina,Female,2011,22561,7336,4940385
1486,North Carolina,Female,2012,22884,7491,4988257
1487,North Carolina,Female,2013,23742,7440,5037689
1488,North Carolina,Female,2014,24415,7758,5085563
1489,North Carolina,Female,2015,25395,7766,5135647
1490,North Carolina,Female,2016,25587,7839,5199423
1491,North Carolina,Female,2017,26192,7937,5259521
1492,North Carolina,Female,2018,26506,7832,5319720
1493,North Carolina,Female,2019,27625,7931,5376254
1494,North Carolina,Female,2020,25943,7909,5321128
1495,North Carolina,Female,2021,27731,8146,5384488
1496,North Carolina,Male,1999,16478,7351,NA
1497,North Carolina,Male,2000,17774,7490,3962580
1498,North Carolina,Male,2001,17995,7482,4022805
1499,North Carolina,Male,2002,18478,7594,4076022
1500,North Carolina,Male,2003,18688,7459,4108600
1501,North Carolina,Male,2004,20335,7700,4177082
1502,North Carolina,Male,2005,21270,7787,4248218
1503,North Carolina,Male,2006,21863,8001,4354118
1504,North Carolina,Male,2007,22848,8062,4440724
1505,North Carolina,Male,2008,23630,8085,4538073
1506,North Carolina,Male,2009,24311,8254,4603065
1507,North Carolina,Male,2010,24024,8575,4645492
1508,North Carolina,Male,2011,24560,8614,4618415
1509,North Carolina,Male,2012,23686,8579,4656850
1510,North Carolina,Male,2013,24639,8767,4698483
1511,North Carolina,Male,2014,25284,9097,4741010
1512,North Carolina,Male,2015,26006,9041,4792157
1513,North Carolina,Male,2016,26447,9007,4847257
1514,North Carolina,Male,2017,27355,8795,4908726
1515,North Carolina,Male,2018,28119,9036,4964407
1516,North Carolina,Male,2019,29324,9143,5014356
1517,North Carolina,Male,2020,26649,9127,5027409
1518,North Carolina,Male,2021,28808,9017,5077501
1519,North Dakota,Female,1999,1275,502,NA
1520,North Dakota,Female,2000,1339,447,321555
1521,North Dakota,Female,2001,1283,464,319787
1522,North Dakota,Female,2002,1343,455,319017
1523,North Dakota,Female,2003,1353,417,318896
1524,North Dakota,Female,2004,1418,408,321008
1525,North Dakota,Female,2005,1426,466,321543
1526,North Dakota,Female,2006,1414,475,322583
1527,North Dakota,Female,2007,1446,445,324066
1528,North Dakota,Female,2008,1442,436,326131
1529,North Dakota,Female,2009,1472,430,329674
1530,North Dakota,Female,2010,1496,410,332727
1531,North Dakota,Female,2011,1520,401,336914
1532,North Dakota,Female,2012,1544,398,343547
1533,North Dakota,Female,2013,1572,396,352266
1534,North Dakota,Female,2014,1562,435,358503
1535,North Dakota,Female,2015,1634,429,365694
1536,North Dakota,Female,2016,1668,423,366223
1537,North Dakota,Female,2017,1716,398,367053
1538,North Dakota,Female,2018,1616,410,368862
1539,North Dakota,Female,2019,1765,372,370846
1540,North Dakota,Female,2020,1561,415,377298
1541,North Dakota,Female,2021,1776,408,377095
1542,North Dakota,Male,1999,1629,566,NA
1543,North Dakota,Male,2000,1560,622,320468
1544,North Dakota,Male,2001,1613,624,319275
1545,North Dakota,Male,2002,1617,571,319151
1546,North Dakota,Male,2003,1569,544,319921
1547,North Dakota,Male,2004,1552,566,323697
1548,North Dakota,Male,2005,1675,523,324546
1549,North Dakota,Male,2006,1709,613,326839
1550,North Dakota,Male,2007,1808,514,328756
1551,North Dakota,Male,2008,1729,608,331438
1552,North Dakota,Male,2009,1639,555,335294
1553,North Dakota,Male,2010,1708,505,339864
1554,North Dakota,Male,2011,1843,562,341285
1555,North Dakota,Male,2012,1828,531,349965
1556,North Dakota,Male,2013,1681,552,362051
1557,North Dakota,Male,2014,1784,537,371849
1558,North Dakota,Male,2015,1821,568,381110
1559,North Dakota,Male,2016,1808,527,380965
1560,North Dakota,Male,2017,1878,542,380678
1561,North Dakota,Male,2018,1924,570,382045
1562,North Dakota,Male,2019,1876,557,384041
1563,North Dakota,Male,2020,1915,529,394652
1564,North Dakota,Male,2021,1992,497,393296
1565,Ohio,Female,1999,25979,10558,NA
1566,Ohio,Female,2000,25580,10439,5845425
1567,Ohio,Female,2001,25984,10364,5853691
1568,Ohio,Female,2002,25794,10651,5859385
1569,Ohio,Female,2003,25703,10679,5868535
1570,Ohio,Female,2004,26465,10498,5874411
1571,Ohio,Female,2005,27357,10339,5876703
1572,Ohio,Female,2006,27085,10525,5883067
1573,Ohio,Female,2007,27336,10571,5890965
1574,Ohio,Female,2008,28177,10444,5896594
1575,Ohio,Female,2009,28823,10448,5902018
1576,Ohio,Female,2010,27669,10443,5904348
1577,Ohio,Female,2011,28475,10402,5903471
1578,Ohio,Female,2012,28410,10523,5901022
1579,Ohio,Female,2013,29443,10461,5910930
1580,Ohio,Female,2014,30222,10430,5921851
1581,Ohio,Female,2015,31151,10418,5926915
1582,Ohio,Female,2016,31010,10457,5932875
1583,Ohio,Female,2017,31156,10455,5944142
1584,Ohio,Female,2018,31756,10068,5952017
1585,Ohio,Female,2019,32096,10231,5956651
1586,Ohio,Female,2020,29697,9880,5976401
1587,Ohio,Female,2021,32149,9888,5959766
1588,Ohio,Male,1999,26709,11358,NA
1589,Ohio,Male,2000,25912,11380,5518118
1590,Ohio,Male,2001,26840,11265,5533713
1591,Ohio,Male,2002,27308,11376,5548504
1592,Ohio,Male,2003,26597,11301,5566253
1593,Ohio,Male,2004,27387,11352,5577840
1594,Ohio,Male,2005,27545,11311,5586617
1595,Ohio,Male,2006,28604,11330,5598146
1596,Ohio,Male,2007,29075,11598,5609503
1597,Ohio,Male,2008,29579,11517,5618797
1598,Ohio,Male,2009,29658,11715,5626878
1599,Ohio,Male,2010,29025,11571,5632156
1600,Ohio,Male,2011,29773,11608,5630815
1601,Ohio,Male,2012,28588,11584,5636229
1602,Ohio,Male,2013,29255,11337,5655192
1603,Ohio,Male,2014,29658,11710,5671023
1604,Ohio,Male,2015,30730,11680,5681682
1605,Ohio,Male,2016,30929,11748,5692476
1606,Ohio,Male,2017,32303,11746,5705874
1607,Ohio,Male,2018,33140,11704,5715567
1608,Ohio,Male,2019,33846,11540,5723690
1609,Ohio,Male,2020,31272,11466,5814808
1610,Ohio,Male,2021,33249,11469,5798501
1611,Oklahoma,Female,1999,7209,2943,NA
1612,Oklahoma,Female,2000,7297,2989,1756493
1613,Oklahoma,Female,2001,7538,2998,1760052
1614,Oklahoma,Female,2002,7521,3019,1769080
1615,Oklahoma,Female,2003,7947,2978,1777723
1616,Oklahoma,Female,2004,7940,2865,1784671
1617,Oklahoma,Female,2005,7991,3035,1796475
1618,Oklahoma,Female,2006,8302,3142,1818693
1619,Oklahoma,Female,2007,8399,3128,1837175
1620,Oklahoma,Female,2008,8313,3044,1854771
1621,Oklahoma,Female,2009,8196,3046,1878034
1622,Oklahoma,Female,2010,8043,3161,1894374
1623,Oklahoma,Female,2011,8264,3228,1910711
1624,Oklahoma,Female,2012,8447,3316,1924617
1625,Oklahoma,Female,2013,8556,3211,1941140
1626,Oklahoma,Female,2014,8923,3170,1953475
1627,Oklahoma,Female,2015,9207,3280,1969076
1628,Oklahoma,Female,2016,9158,3268,1977887
1629,Oklahoma,Female,2017,9182,3261,1980278
1630,Oklahoma,Female,2018,9376,3363,1984826
1631,Oklahoma,Female,2019,9366,3309,1993171
1632,Oklahoma,Female,2020,8729,3404,1985855
1633,Oklahoma,Female,2021,9603,3316,1999899
1634,Oklahoma,Male,1999,7726,3378,NA
1635,Oklahoma,Male,2000,7909,3469,1697872
1636,Oklahoma,Male,2001,8140,3465,1707048
1637,Oklahoma,Male,2002,8496,3517,1720000
1638,Oklahoma,Male,2003,8640,3450,1727169
1639,Oklahoma,Male,2004,8388,3464,1740562
1640,Oklahoma,Male,2005,8434,3538,1752122
1641,Oklahoma,Male,2006,9105,3483,1775397
1642,Oklahoma,Male,2007,9766,3701,1797174
1643,Oklahoma,Male,2008,9033,3712,1814205
1644,Oklahoma,Male,2009,9209,3641,1839538
1645,Oklahoma,Male,2010,8991,3774,1856977
1646,Oklahoma,Male,2011,9011,3809,1853384
1647,Oklahoma,Male,2012,8946,3755,1872191
1648,Oklahoma,Male,2013,9144,3833,1890832
1649,Oklahoma,Male,2014,9229,3759,1904870
1650,Oklahoma,Male,2015,9540,3974,1921635
1651,Oklahoma,Male,2016,9346,3859,1930315
1652,Oklahoma,Male,2017,9307,3828,1932226
1653,Oklahoma,Male,2018,9638,3949,1935966
1654,Oklahoma,Male,2019,10119,3890,1944358
1655,Oklahoma,Male,2020,9349,3814,1959765
1656,Oklahoma,Male,2021,9843,3885,1971897
1657,Oregon,Female,1999,7978,2847,NA
1658,Oregon,Female,2000,7909,2884,1728647
1659,Oregon,Female,2001,8071,2960,1747889
1660,Oregon,Female,2002,8101,3105,1771126
1661,Oregon,Female,2003,7926,3092,1788805
1662,Oregon,Female,2004,8200,3116,1800377
1663,Oregon,Female,2005,8392,3043,1823447
1664,Oregon,Female,2006,8590,3134,1853117
1665,Oregon,Female,2007,8689,3023,1879347
1666,Oregon,Female,2008,9046,3103,1903535
1667,Oregon,Female,2009,9138,3002,1923209
1668,Oregon,Female,2010,8864,3188,1935072
1669,Oregon,Female,2011,9287,3185,1955962
1670,Oregon,Female,2012,9505,3179,1969039
1671,Oregon,Female,2013,9664,3151,1980811
1672,Oregon,Female,2014,9899,3230,2000875
1673,Oregon,Female,2015,10055,3339,2026468
1674,Oregon,Female,2016,10013,3237,2062983
1675,Oregon,Female,2017,10263,3264,2089355
1676,Oregon,Female,2018,10409,3263,2108426
1677,Oregon,Female,2019,10924,3265,2126637
1678,Oregon,Female,2020,9696,3285,2127223
1679,Oregon,Female,2021,9785,3395,2133463
1680,Oregon,Male,1999,8334,3119,NA
1681,Oregon,Male,2000,8113,3125,1701061
1682,Oregon,Male,2001,8315,3215,1720048
1683,Oregon,Male,2002,8169,3273,1742298
1684,Oregon,Male,2003,8069,3262,1758571
1685,Oregon,Male,2004,8665,3258,1769086
1686,Oregon,Male,2005,8707,3397,1789755
1687,Oregon,Male,2006,8832,3261,1817766
1688,Oregon,Male,2007,8950,3363,1843070
1689,Oregon,Male,2008,9633,3401,1865213
1690,Oregon,Male,2009,9045,3456,1885391
1691,Oregon,Male,2010,9094,3432,1896002
1692,Oregon,Male,2011,9619,3559,1912801
1693,Oregon,Male,2012,9026,3615,1927323
1694,Oregon,Male,2013,9745,3567,1939163
1695,Oregon,Male,2014,9698,3541,1959511
1696,Oregon,Male,2015,10117,3636,1986623
1697,Oregon,Male,2016,10034,3739,2024565
1698,Oregon,Male,2017,10516,3623,2051807
1699,Oregon,Male,2018,10160,3777,2070901
1700,Oregon,Male,2019,10875,3590,2088541
1701,Oregon,Male,2020,9567,3668,2116358
1702,Oregon,Male,2021,9741,3898,2121515
1703,Pennsylvania,Female,1999,31847,12795,NA
1704,Pennsylvania,Female,2000,31942,12706,6351999
1705,Pennsylvania,Female,2001,33217,12687,6354395
1706,Pennsylvania,Female,2002,32426,12638,6363832
1707,Pennsylvania,Female,2003,32337,12416,6377894
1708,Pennsylvania,Female,2004,32503,12520,6390749
1709,Pennsylvania,Female,2005,32999,12258,6405053
1710,Pennsylvania,Female,2006,33482,12351,6429312
1711,Pennsylvania,Female,2007,33857,12219,6452087
1712,Pennsylvania,Female,2008,34644,12071,6473295
1713,Pennsylvania,Female,2009,35067,12018,6497024
1714,Pennsylvania,Female,2010,34896,12112,6512016
1715,Pennsylvania,Female,2011,35550,11982,6526991
1716,Pennsylvania,Female,2012,35311,11929,6531395
1717,Pennsylvania,Female,2013,36313,11723,6530033
1718,Pennsylvania,Female,2014,36301,11687,6533729
1719,Pennsylvania,Female,2015,36578,11677,6527587
1720,Pennsylvania,Female,2016,36770,11634,6523080
1721,Pennsylvania,Female,2017,36616,11581,6524763
1722,Pennsylvania,Female,2018,36627,11410,6528402
1723,Pennsylvania,Female,2019,36813,11222,6526649
1724,Pennsylvania,Female,2020,33241,11170,6588139
1725,Pennsylvania,Female,2021,34795,10911,6598486
1726,Pennsylvania,Male,1999,33713,13377,NA
1727,Pennsylvania,Male,2000,34148,13342,5932174
1728,Pennsylvania,Male,2001,34623,13255,5944575
1729,Pennsylvania,Male,2002,34931,13169,5967199
1730,Pennsylvania,Male,2003,34086,13351,5996764
1731,Pennsylvania,Male,2004,33609,12895,6019973
1732,Pennsylvania,Male,2005,33936,13218,6044937
1733,Pennsylvania,Male,2006,35560,12892,6081497
1734,Pennsylvania,Male,2007,36158,12922,6111850
1735,Pennsylvania,Male,2008,35674,13038,6138990
1736,Pennsylvania,Male,2009,35674,12876,6169834
1737,Pennsylvania,Male,2010,36085,12975,6190363
1738,Pennsylvania,Male,2011,37260,12840,6210790
1739,Pennsylvania,Male,2012,34814,12880,6228446
1740,Pennsylvania,Male,2013,35357,12784,6237989
1741,Pennsylvania,Male,2014,34968,12894,6247814
1742,Pennsylvania,Male,2015,36366,12944,6251290
1743,Pennsylvania,Male,2016,36652,12868,6253239
1744,Pennsylvania,Male,2017,36341,12685,6256985
1745,Pennsylvania,Male,2018,36468,12611,6266218
1746,Pennsylvania,Male,2019,38277,12243,6269038
1747,Pennsylvania,Male,2020,33888,12377,6404546
1748,Pennsylvania,Male,2021,34748,12417,6412308
1749,Puerto Rico,Female,1999,0,0,NA
1750,Puerto Rico,Female,2000,0,0,NA
1751,Puerto Rico,Female,2001,0,0,NA
1752,Puerto Rico,Female,2002,0,0,NA
1753,Puerto Rico,Female,2003,0,0,NA
1754,Puerto Rico,Female,2004,0,0,NA
1755,Puerto Rico,Female,2005,4842,1729,NA
1756,Puerto Rico,Female,2006,5006,1671,NA
1757,Puerto Rico,Female,2007,5334,1763,NA
1758,Puerto Rico,Female,2008,5526,1755,NA
1759,Puerto Rico,Female,2009,5800,1801,NA
1760,Puerto Rico,Female,2010,6182,1778,NA
1761,Puerto Rico,Female,2011,6469,1821,NA
1762,Puerto Rico,Female,2012,6660,1921,NA
1763,Puerto Rico,Female,2013,6984,1837,NA
1764,Puerto Rico,Female,2014,6814,1928,NA
1765,Puerto Rico,Female,2015,7166,1884,NA
1766,Puerto Rico,Female,2016,7045,1863,NA
1767,Puerto Rico,Female,2017,3568,1838,NA
1768,Puerto Rico,Female,2018,6962,1815,NA
1769,Puerto Rico,Female,2019,7085,1900,NA
1770,Puerto Rico,Female,2020,6198,1870,NA
1771,Puerto Rico,Female,2021,7191,1842,NA
1772,Puerto Rico,Male,1999,0,0,NA
1773,Puerto Rico,Male,2000,0,0,NA
1774,Puerto Rico,Male,2001,0,0,NA
1775,Puerto Rico,Male,2002,0,0,NA
1776,Puerto Rico,Male,2003,0,0,NA
1777,Puerto Rico,Male,2004,0,0,NA
1778,Puerto Rico,Male,2005,6467,2237,NA
1779,Puerto Rico,Male,2006,6656,2285,NA
1780,Puerto Rico,Male,2007,6616,2376,NA
1781,Puerto Rico,Male,2008,6777,2339,NA
1782,Puerto Rico,Male,2009,6968,2418,NA
1783,Puerto Rico,Male,2010,7155,2424,NA
1784,Puerto Rico,Male,2011,7427,2384,NA
1785,Puerto Rico,Male,2012,7522,2449,NA
1786,Puerto Rico,Male,2013,7581,2383,NA
1787,Puerto Rico,Male,2014,7474,2544,NA
1788,Puerto Rico,Male,2015,7774,2441,NA
1789,Puerto Rico,Male,2016,7482,2350,NA
1790,Puerto Rico,Male,2017,3925,2388,NA
1791,Puerto Rico,Male,2018,7865,2336,NA
1792,Puerto Rico,Male,2019,7939,2186,NA
1793,Puerto Rico,Male,2020,6622,2365,NA
1794,Puerto Rico,Male,2021,7578,2396,NA
1795,Rhode Island,Female,1999,2787,1003,NA
1796,Rhode Island,Female,2000,2757,1032,545774
1797,Rhode Island,Female,2001,2630,966,548974
1798,Rhode Island,Female,2002,2730,999,553090
1799,Rhode Island,Female,2003,2670,944,555590
1800,Rhode Island,Female,2004,2774,971,556375
1801,Rhode Island,Female,2005,2685,917,552832
1802,Rhode Island,Female,2006,2829,811,550134
1803,Rhode Island,Female,2007,2876,923,546859
1804,Rhode Island,Female,2008,2856,854,545412
1805,Rhode Island,Female,2009,2857,818,544764
1806,Rhode Island,Female,2010,2699,866,544167
1807,Rhode Island,Female,2011,2727,809,543396
1808,Rhode Island,Female,2012,2936,797,543433
1809,Rhode Island,Female,2013,3055,963,543273
1810,Rhode Island,Female,2014,2951,896,543071
1811,Rhode Island,Female,2015,2951,841,542518
1812,Rhode Island,Female,2016,2929,817,542409
1813,Rhode Island,Female,2017,2965,820,541844
1814,Rhode Island,Female,2018,3032,855,542726
1815,Rhode Island,Female,2019,3009,812,542985
1816,Rhode Island,Female,2020,2647,748,558494
1817,Rhode Island,Female,2021,2966,817,558751
1818,Rhode Island,Male,1999,2815,1037,NA
1819,Rhode Island,Male,2000,2943,1055,504494
1820,Rhode Island,Male,2001,2959,1063,508168
1821,Rhode Island,Male,2002,2947,1057,512905
1822,Rhode Island,Male,2003,2803,968,515752
1823,Rhode Island,Male,2004,2934,1079,518204
1824,Rhode Island,Male,2005,2740,968,515084
1825,Rhode Island,Male,2006,2889,982,512962
1826,Rhode Island,Male,2007,2946,909,510456
1827,Rhode Island,Male,2008,2970,956,509591
1828,Rhode Island,Male,2009,2850,957,508882
1829,Rhode Island,Male,2010,2701,947,508400
1830,Rhode Island,Male,2011,2848,967,505769
1831,Rhode Island,Male,2012,2759,941,507242
1832,Rhode Island,Male,2013,2684,946,507632
1833,Rhode Island,Male,2014,2812,969,508830
1834,Rhode Island,Male,2015,2734,969,509307
1835,Rhode Island,Male,2016,2813,855,510239
1836,Rhode Island,Male,2017,2854,952,510054
1837,Rhode Island,Male,2018,2983,918,511130
1838,Rhode Island,Male,2019,3123,909,511945
1839,Rhode Island,Male,2020,2617,894,534894
1840,Rhode Island,Male,2021,2701,881,534941
1841,South Carolina,Female,1999,8018,3218,NA
1842,South Carolina,Female,2000,8057,3286,2068627
1843,South Carolina,Female,2001,8363,3214,2089963
1844,South Carolina,Female,2002,8633,3265,2111069
1845,South Carolina,Female,2003,8741,3425,2133967
1846,South Carolina,Female,2004,8857,3228,2162305
1847,South Carolina,Female,2005,9236,3443,2192345
1848,South Carolina,Female,2006,9554,3581,2237655
1849,South Carolina,Female,2007,9934,3535,2280792
1850,South Carolina,Female,2008,10143,3675,2325047
1851,South Carolina,Female,2009,10244,3553,2357030
1852,South Carolina,Female,2010,10678,3719,2375263
1853,South Carolina,Female,2011,10718,3771,2393474
1854,South Carolina,Female,2012,11453,3877,2417736
1855,South Carolina,Female,2013,11397,3797,2442320
1856,South Carolina,Female,2014,11713,3926,2473838
1857,South Carolina,Female,2015,12157,3872,2509237
1858,South Carolina,Female,2016,12353,4059,2544535
1859,South Carolina,Female,2017,12437,4010,2578621
1860,South Carolina,Female,2018,12620,4021,2612834
1861,South Carolina,Female,2019,12767,4064,2648017
1862,South Carolina,Female,2020,12267,4159,2625793
1863,South Carolina,Female,2021,13022,4132,2659280
1864,South Carolina,Male,1999,9555,3891,NA
1865,South Carolina,Male,2000,9545,4041,1955596
1866,South Carolina,Male,2001,9841,4076,1975032
1867,South Carolina,Male,2002,10582,4024,1996726
1868,South Carolina,Male,2003,10217,4019,2016330
1869,South Carolina,Male,2004,10546,3994,2048616
1870,South Carolina,Male,2005,10907,4160,2077805
1871,South Carolina,Male,2006,11169,4198,2120192
1872,South Carolina,Male,2007,11665,4222,2163318
1873,South Carolina,Male,2008,11607,4393,2203949
1874,South Carolina,Male,2009,11696,4444,2232842
1875,South Carolina,Male,2010,12049,4389,2250101
1876,South Carolina,Male,2011,12163,4508,2234572
1877,South Carolina,Male,2012,12101,4617,2255994
1878,South Carolina,Male,2013,12433,4648,2280913
1879,South Carolina,Male,2014,12598,4701,2307421
1880,South Carolina,Male,2015,13588,4723,2341789
1881,South Carolina,Male,2016,13290,4852,2373977
1882,South Carolina,Male,2017,13521,4870,2403480
1883,South Carolina,Male,2018,13334,4847,2429834
1884,South Carolina,Male,2019,13715,4903,2459209
1885,South Carolina,Male,2020,13090,5070,2468224
1886,South Carolina,Male,2021,13284,4936,2496135
1887,South Dakota,Female,1999,0,563,NA
1888,South Dakota,Female,2000,0,602,380681
1889,South Dakota,Female,2001,1612,515,381537
1890,South Dakota,Female,2002,1808,573,382328
1891,South Dakota,Female,2003,1651,562,383633
1892,South Dakota,Female,2004,1540,545,386677
1893,South Dakota,Female,2005,1705,576,389021
1894,South Dakota,Female,2006,1564,512,392420
1895,South Dakota,Female,2007,1758,565,396650
1896,South Dakota,Female,2008,1700,562,400236
1897,South Dakota,Female,2009,1830,551,403198
1898,South Dakota,Female,2010,1820,559,406799
1899,South Dakota,Female,2011,1971,645,409561
1900,South Dakota,Female,2012,1895,601,413905
1901,South Dakota,Female,2013,2088,569,418004
1902,South Dakota,Female,2014,1911,525,421104
1903,South Dakota,Female,2015,1964,555,423237
1904,South Dakota,Female,2016,2019,565,427221
1905,South Dakota,Female,2017,2039,639,431655
1906,South Dakota,Female,2018,2027,554,434647
1907,South Dakota,Female,2019,2194,632,437344
1908,South Dakota,Female,2020,1995,589,436162
1909,South Dakota,Female,2021,2194,558,440201
1910,South Dakota,Male,1999,0,738,NA
1911,South Dakota,Male,2000,0,675,375163
1912,South Dakota,Male,2001,1961,746,376435
1913,South Dakota,Male,2002,2128,683,377692
1914,South Dakota,Male,2003,1981,724,380096
1915,South Dakota,Male,2004,2012,721,383719
1916,South Dakota,Male,2005,1851,734,386472
1917,South Dakota,Male,2006,1881,744,390613
1918,South Dakota,Male,2007,2031,714,394973
1919,South Dakota,Male,2008,2053,690,398888
1920,South Dakota,Male,2009,2046,634,403869
1921,South Dakota,Male,2010,2024,735,407381
1922,South Dakota,Male,2011,2132,701,410061
1923,South Dakota,Male,2012,2025,733,415697
1924,South Dakota,Male,2013,2045,706,420744
1925,South Dakota,Male,2014,2238,816,424463
1926,South Dakota,Male,2015,2121,734,427697
1927,South Dakota,Male,2016,2278,788,432264
1928,South Dakota,Male,2017,2313,741,437732
1929,South Dakota,Male,2018,2400,754,440588
1930,South Dakota,Male,2019,2487,781,443852
1931,South Dakota,Male,2020,2297,726,448179
1932,South Dakota,Male,2021,2378,790,452650
1933,Tennessee,Female,1999,10245,4672,NA
1934,Tennessee,Female,2000,10790,5028,2926133
1935,Tennessee,Female,2001,10791,4955,2948421
1936,Tennessee,Female,2002,11256,5053,2971873
1937,Tennessee,Female,2003,11746,5199,3000983
1938,Tennessee,Female,2004,12123,5164,3027931
1939,Tennessee,Female,2005,13148,5296,3068439
1940,Tennessee,Female,2006,13648,5256,3121455
1941,Tennessee,Female,2007,13771,5210,3162280
1942,Tennessee,Female,2008,14167,5239,3203115
1943,Tennessee,Female,2009,14746,5371,3231769
1944,Tennessee,Female,2010,14755,5372,3252601
1945,Tennessee,Female,2011,14863,5380,3277890
1946,Tennessee,Female,2012,15315,5439,3304138
1947,Tennessee,Female,2013,15533,5517,3325061
1948,Tennessee,Female,2014,15632,5618,3348088
1949,Tennessee,Female,2015,16437,5581,3373513
1950,Tennessee,Female,2016,16328,5700,3401536
1951,Tennessee,Female,2017,16810,5533,3432057
1952,Tennessee,Female,2018,16939,5781,3464164
1953,Tennessee,Female,2019,17046,5663,3494179
1954,Tennessee,Female,2020,16129,5780,3522200
1955,Tennessee,Female,2021,17017,5785,3545184
1956,Tennessee,Male,1999,10183,5750,NA
1957,Tennessee,Male,2000,10707,5890,2777586
1958,Tennessee,Male,2001,10810,5898,2802368
1959,Tennessee,Male,2002,11172,5946,2824045
1960,Tennessee,Male,2003,12229,5977,2846829
1961,Tennessee,Male,2004,13386,5972,2882878
1962,Tennessee,Male,2005,14621,6155,2922618
1963,Tennessee,Male,2006,15018,6202,2967311
1964,Tennessee,Male,2007,15724,6370,3013447
1965,Tennessee,Male,2008,16127,6367,3044296
1966,Tennessee,Male,2009,16455,6434,3074250
1967,Tennessee,Male,2010,16334,6569,3093504
1968,Tennessee,Male,2011,16691,6497,3100672
1969,Tennessee,Male,2012,16400,6562,3125255
1970,Tennessee,Male,2013,16498,6698,3148377
1971,Tennessee,Male,2014,16360,6735,3171487
1972,Tennessee,Male,2015,17538,6705,3195774
1973,Tennessee,Male,2016,17944,6901,3223907
1974,Tennessee,Male,2017,18726,6744,3256749
1975,Tennessee,Male,2018,18496,6413,3286868
1976,Tennessee,Male,2019,18934,6791,3314398
1977,Tennessee,Male,2020,17604,6770,3383531
1978,Tennessee,Male,2021,17366,6696,3397553
1979,Texas,Female,1999,35130,13426,NA
1980,Texas,Female,2000,36359,13773,10545156
1981,Texas,Female,2001,37549,13792,10731190
1982,Texas,Female,2002,38071,14155,10914653
1983,Texas,Female,2003,38522,14100,11095953
1984,Texas,Female,2004,38551,13988,11278402
1985,Texas,Female,2005,39730,14136,11470439
1986,Texas,Female,2006,40549,14444,11771243
1987,Texas,Female,2007,42081,14413,12010572
1988,Texas,Female,2008,42537,14603,12249936
1989,Texas,Female,2009,44227,14471,12500150
1990,Texas,Female,2010,44274,14845,12673281
1991,Texas,Female,2011,44350,15021,12904796
1992,Texas,Female,2012,46307,15419,13118171
1993,Texas,Female,2013,47140,15274,13315451
1994,Texas,Female,2014,48750,15515,13554740
1995,Texas,Female,2015,50133,15656,13804578
1996,Texas,Female,2016,51278,15913,14026737
1997,Texas,Female,2017,52487,16264,14216689
1998,Texas,Female,2018,54854,16281,14386554
1999,Texas,Female,2019,56933,16498,14570390
2000,Texas,Female,2020,52764,16748,14617074
2001,Texas,Female,2021,57194,17107,14785098
2002,Texas,Male,1999,38713,15290,NA
2003,Texas,Male,2000,39876,15626,10399343
2004,Texas,Male,2001,41578,15847,10588432
2005,Texas,Male,2002,42248,16117,10775672
2006,Texas,Male,2003,42676,15818,10934978
2007,Texas,Male,2004,43059,16168,11115621
2008,Texas,Male,2005,43482,16318,11307684
2009,Texas,Male,2006,44566,16454,11588337
2010,Texas,Male,2007,47365,16393,11821411
2011,Texas,Male,2008,47205,16695,12059103
2012,Texas,Male,2009,47129,16628,12301611
2013,Texas,Male,2010,46013,17311,12472280
2014,Texas,Male,2011,47803,17576,12626013
2015,Texas,Male,2012,47295,17801,12831841
2016,Texas,Male,2013,48170,18221,13040123
2017,Texas,Male,2014,49159,18147,13284646
2018,Texas,Male,2015,50777,18160,13547393
2019,Texas,Male,2016,52461,18842,13772056
2020,Texas,Male,2017,55435,18812,13962816
2021,Texas,Male,2018,58782,18951,14127449
2022,Texas,Male,2019,59584,19325,14310842
2023,Texas,Male,2020,55039,19648,14499859
2024,Texas,Male,2021,58654,19380,14656585
2025,Utah,Female,1999,2718,862,NA
2026,Utah,Female,2000,2803,893,1119827
2027,Utah,Female,2001,2936,797,1139182
2028,Utah,Female,2002,2935,842,1158853
2029,Utah,Female,2003,2993,940,1175867
2030,Utah,Female,2004,3126,918,1196749
2031,Utah,Female,2005,3288,945,1224741
2032,Utah,Female,2006,3439,1047,1257991
2033,Utah,Female,2007,3376,939,1292672
2034,Utah,Female,2008,3661,924,1325631
2035,Utah,Female,2009,3759,967,1355509
2036,Utah,Female,2010,3954,1069,1375568
2037,Utah,Female,2011,4125,1052,1399772
2038,Utah,Female,2012,4218,1088,1418194
2039,Utah,Female,2013,4275,1173,1439774
2040,Utah,Female,2014,4574,1189,1459092
2041,Utah,Female,2015,4710,1138,1480793
2042,Utah,Female,2016,4620,1126,1509980
2043,Utah,Female,2017,4768,1204,1538506
2044,Utah,Female,2018,5002,1214,1564570
2045,Utah,Female,2019,5285,1248,1590301
2046,Utah,Female,2020,5032,1357,1620305
2047,Utah,Female,2021,5707,1355,1648081
2048,Utah,Male,1999,3309,1068,NA
2049,Utah,Male,2000,3149,1064,1124675
2050,Utah,Male,2001,3385,1062,1144533
2051,Utah,Male,2002,3517,1106,1165962
2052,Utah,Male,2003,3716,1096,1184270
2053,Utah,Male,2004,3815,1114,1204831
2054,Utah,Male,2005,3857,1173,1232978
2055,Utah,Male,2006,4083,1138,1267516
2056,Utah,Male,2007,4284,1176,1305074
2057,Utah,Male,2008,4338,1108,1337398
2058,Utah,Male,2009,4450,1145,1367912
2059,Utah,Male,2010,4629,1278,1388317
2060,Utah,Male,2011,4698,1271,1408574
2061,Utah,Male,2012,4514,1328,1429387
2062,Utah,Male,2013,4493,1314,1452703
2063,Utah,Male,2014,4650,1345,1472524
2064,Utah,Male,2015,4800,1370,1496050
2065,Utah,Male,2016,4960,1420,1526854
2066,Utah,Male,2017,5235,1396,1557826
2067,Utah,Male,2018,5577,1474,1584143
2068,Utah,Male,2019,5459,1527,1610819
2069,Utah,Male,2020,5485,1523,1658937
2070,Utah,Male,2021,6206,1505,1686503
2071,Vermont,Female,1999,1463,430,NA
2072,Vermont,Female,2000,1328,431,310849
2073,Vermont,Female,2001,1361,433,311779
2074,Vermont,Female,2002,1361,411,312959
2075,Vermont,Female,2003,1417,402,314206
2076,Vermont,Female,2004,1428,417,315080
2077,Vermont,Female,2005,1523,424,315422
2078,Vermont,Female,2006,1689,448,316290
2079,Vermont,Female,2007,1594,493,316538
2080,Vermont,Female,2008,1466,396,316722
2081,Vermont,Female,2009,1643,386,317128
2082,Vermont,Female,2010,1600,482,317535
2083,Vermont,Female,2011,1592,472,317795
2084,Vermont,Female,2012,1673,477,317279
2085,Vermont,Female,2013,1589,419,317140
2086,Vermont,Female,2014,1702,453,316617
2087,Vermont,Female,2015,1688,477,316459
2088,Vermont,Female,2016,1736,450,315522
2089,Vermont,Female,2017,1739,493,315947
2090,Vermont,Female,2018,1774,475,315995
2091,Vermont,Female,2019,1754,424,315589
2092,Vermont,Female,2020,1638,438,323161
2093,Vermont,Female,2021,1679,408,325491
2094,Vermont,Male,1999,1417,509,NA
2095,Vermont,Male,2000,1457,487,298769
2096,Vermont,Male,2001,1485,515,300444
2097,Vermont,Male,2002,1495,477,302483
2098,Vermont,Male,2003,1572,501,303652
2099,Vermont,Male,2004,1582,484,304840
2100,Vermont,Male,2005,1612,471,305793
2101,Vermont,Male,2006,1641,446,306602
2102,Vermont,Male,2007,1674,524,306943
2103,Vermont,Male,2008,1690,537,307429
2104,Vermont,Male,2009,1692,528,307689
2105,Vermont,Male,2010,1713,598,308206
2106,Vermont,Male,2011,1706,530,308570
2107,Vermont,Male,2012,1619,514,308210
2108,Vermont,Male,2013,1665,560,308446
2109,Vermont,Male,2014,1690,606,308034
2110,Vermont,Male,2015,1636,597,308182
2111,Vermont,Male,2016,1692,580,307549
2112,Vermont,Male,2017,1865,568,307797
2113,Vermont,Male,2018,1848,576,307791
2114,Vermont,Male,2019,1932,595,307828
2115,Vermont,Male,2020,1805,593,319590
2116,Vermont,Male,2021,1973,652,321425
2117,Virginia,Female,1999,12892,5437,NA
2118,Virginia,Female,2000,13286,5657,3619742
2119,Virginia,Female,2001,12815,5630,3665386
2120,Virginia,Female,2002,13490,5636,3713695
2121,Virginia,Female,2003,14368,5696,3757780
2122,Virginia,Female,2004,15056,5523,3814310
2123,Virginia,Female,2005,15221,5781,3863646
2124,Virginia,Female,2006,15584,5793,3908475
2125,Virginia,Female,2007,16085,5916,3947966
2126,Virginia,Female,2008,16502,5769,3988983
2127,Virginia,Female,2009,16996,5858,4037895
2128,Virginia,Female,2010,16571,5723,4075041
2129,Virginia,Female,2011,17130,5860,4100160
2130,Virginia,Female,2012,17526,5811,4141487
2131,Virginia,Female,2013,18044,5895,4172396
2132,Virginia,Female,2014,18487,6011,4199876
2133,Virginia,Female,2015,18772,6035,4224160
2134,Virginia,Female,2016,18914,6049,4246967
2135,Virginia,Female,2017,18797,6068,4273812
2136,Virginia,Female,2018,19038,6170,4293122
2137,Virginia,Female,2019,20073,6090,4310346
2138,Virginia,Female,2020,18669,6211,4343890
2139,Virginia,Female,2021,19333,6415,4353702
2140,Virginia,Male,1999,13773,6056,NA
2141,Virginia,Male,2000,14253,6086,3486075
2142,Virginia,Male,2001,14077,5934,3532976
2143,Virginia,Male,2002,14756,6151,3573178
2144,Virginia,Male,2003,15755,6295,3609197
2145,Virginia,Male,2004,15642,6087,3661265
2146,Virginia,Male,2005,16650,6322,3713459
2147,Virginia,Male,2006,16921,6222,3765250
2148,Virginia,Male,2007,18352,6290,3803034
2149,Virginia,Male,2008,17895,6386,3844513
2150,Virginia,Male,2009,17878,6439,3888042
2151,Virginia,Male,2010,17040,6502,3925983
2152,Virginia,Male,2011,17285,6539,3888414
2153,Virginia,Male,2012,16543,6523,3933069
2154,Virginia,Male,2013,17572,6535,3965535
2155,Virginia,Male,2014,17742,6636,3997180
2156,Virginia,Male,2015,17747,6812,4026884
2157,Virginia,Male,2016,18789,6824,4045283
2158,Virginia,Male,2017,19082,6951,4076516
2159,Virginia,Male,2018,19520,6921,4092922
2160,Virginia,Male,2019,20652,6845,4109898
2161,Virginia,Male,2020,18681,7048,4192198
2162,Virginia,Male,2021,19273,6927,4201880
2163,Washington,Female,1999,12706,4487,NA
2164,Washington,Female,2000,12768,4632,2967734
2165,Washington,Female,2001,13180,4622,3002080
2166,Washington,Female,2002,13169,4646,3036742
2167,Washington,Female,2003,13429,4772,3065739
2168,Washington,Female,2004,13402,4722,3107815
2169,Washington,Female,2005,13776,4696,3145396
2170,Washington,Female,2006,13816,4748,3200695
2171,Washington,Female,2007,13520,4950,3247800
2172,Washington,Female,2008,14730,4873,3293162
2173,Washington,Female,2009,15359,4964,3343920
2174,Washington,Female,2010,15303,4921,3374833
2175,Washington,Female,2011,15659,4953,3416815
2176,Washington,Female,2012,16075,4873,3450949
2177,Washington,Female,2013,15979,4927,3482341
2178,Washington,Female,2014,16368,4950,3524139
2179,Washington,Female,2015,16479,5136,3576657
2180,Washington,Female,2016,17306,5031,3638898
2181,Washington,Female,2017,17390,5140,3701498
2182,Washington,Female,2018,17519,5223,3750441
2183,Washington,Female,2019,18223,5241,3794430
2184,Washington,Female,2020,16951,5059,3824880
2185,Washington,Female,2021,18646,5416,3832496
2186,Washington,Male,1999,13403,4911,NA
2187,Washington,Male,2000,13262,4863,2942778
2188,Washington,Male,2001,13619,5012,2983642
2189,Washington,Male,2002,13767,5004,3015607
2190,Washington,Male,2003,13722,5052,3038376
2191,Washington,Male,2004,14417,5046,3070830
2192,Washington,Male,2005,14637,5000,3111909
2193,Washington,Male,2006,15092,5010,3170058
2194,Washington,Male,2007,15044,5255,3213787
2195,Washington,Male,2008,15528,5346,3269069
2196,Washington,Male,2009,15766,5501,3323506
2197,Washington,Male,2010,16028,5528,3349707
2198,Washington,Male,2011,16293,5577,3357827
2199,Washington,Male,2012,15663,5464,3399605
2200,Washington,Male,2013,15984,5439,3429350
2201,Washington,Male,2014,16065,5654,3477592
2202,Washington,Male,2015,16139,5787,3533040
2203,Washington,Male,2016,16828,5737,3601299
2204,Washington,Male,2017,17164,5752,3669416
2205,Washington,Male,2018,17721,5781,3721237
2206,Washington,Male,2019,18235,5826,3768269
2207,Washington,Male,2020,16661,5810,3850056
2208,Washington,Male,2021,18468,6117,3858309
2209,Washington DC,Female,1999,1248,494,NA
2210,Washington DC,Female,2000,1243,435,NA
2211,Washington DC,Female,2001,1227,469,NA
2212,Washington DC,Female,2002,1178,459,NA
2213,Washington DC,Female,2003,1380,365,NA
2214,Washington DC,Female,2004,1143,366,NA
2215,Washington DC,Female,2005,1182,354,NA
2216,Washington DC,Female,2006,1222,371,NA
2217,Washington DC,Female,2007,1203,419,NA
2218,Washington DC,Female,2008,1186,342,NA
2219,Washington DC,Female,2009,1288,384,NA
2220,Washington DC,Female,2010,1331,328,NA
2221,Washington DC,Female,2011,1369,349,NA
2222,Washington DC,Female,2012,1338,384,NA
2223,Washington DC,Female,2013,1376,383,NA
2224,Washington DC,Female,2014,1350,362,NA
2225,Washington DC,Female,2015,1290,348,NA
2226,Washington DC,Female,2016,1321,345,NA
2227,Washington DC,Female,2017,1386,368,NA
2228,Washington DC,Female,2018,1326,368,NA
2229,Washington DC,Female,2019,1335,320,NA
2230,Washington DC,Female,2020,1239,322,NA
2231,Washington DC,Female,2021,1341,363,NA
2232,Washington DC,Male,1999,1389,528,NA
2233,Washington DC,Male,2000,1361,537,NA
2234,Washington DC,Male,2001,1352,545,NA
2235,Washington DC,Male,2002,1385,551,NA
2236,Washington DC,Male,2003,1299,434,NA
2237,Washington DC,Male,2004,1209,439,NA
2238,Washington DC,Male,2005,1220,458,NA
2239,Washington DC,Male,2006,1235,521,NA
2240,Washington DC,Male,2007,1416,415,NA
2241,Washington DC,Male,2008,1300,435,NA
2242,Washington DC,Male,2009,1283,433,NA
2243,Washington DC,Male,2010,1323,375,NA
2244,Washington DC,Male,2011,1432,374,NA
2245,Washington DC,Male,2012,1391,387,NA
2246,Washington DC,Male,2013,1135,343,NA
2247,Washington DC,Male,2014,1192,396,NA
2248,Washington DC,Male,2015,1102,359,NA
2249,Washington DC,Male,2016,1108,358,NA
2250,Washington DC,Male,2017,1231,340,NA
2251,Washington DC,Male,2018,1279,402,NA
2252,Washington DC,Male,2019,1240,345,NA
2253,Washington DC,Male,2020,1070,347,NA
2254,Washington DC,Male,2021,1203,333,NA
2255,West Virginia,Female,1999,4820,1892,NA
2256,West Virginia,Female,2000,4747,1968,928269
2257,West Virginia,Female,2001,4841,1945,923643
2258,West Virginia,Female,2002,4753,1840,923841
2259,West Virginia,Female,2003,4713,1887,925835
2260,West Virginia,Female,2004,4799,1899,927027
2261,West Virginia,Female,2005,4945,1852,927690
2262,West Virginia,Female,2006,4898,1813,930605
2263,West Virginia,Female,2007,5005,1878,932683
2264,West Virginia,Female,2008,4935,1826,934911
2265,West Virginia,Female,2009,5009,1934,937434
2266,West Virginia,Female,2010,5007,1792,939408
2267,West Virginia,Female,2011,5106,1821,940143
2268,West Virginia,Female,2012,5136,1844,939745
2269,West Virginia,Female,2013,5235,1832,937758
2270,West Virginia,Female,2014,5287,1899,935610
2271,West Virginia,Female,2015,5398,1879,931088
2272,West Virginia,Female,2016,5408,1895,925307
2273,West Virginia,Female,2017,5521,1802,917441
2274,West Virginia,Female,2018,5617,1804,910878
2275,West Virginia,Female,2019,5487,1731,904273
2276,West Virginia,Female,2020,5109,1752,896769
2277,West Virginia,Female,2021,5596,1881,893634
2278,West Virginia,Male,1999,4974,2182,NA
2279,West Virginia,Male,2000,5085,2140,878752
2280,West Virginia,Male,2001,5302,2090,877838
2281,West Virginia,Male,2002,5142,2150,881573
2282,West Virginia,Male,2003,4966,2106,886460
2283,West Virginia,Male,2004,5122,2140,889411
2284,West Virginia,Male,2005,5261,2082,892802
2285,West Virginia,Male,2006,5483,2109,897307
2286,West Virginia,Male,2007,5688,2101,901369
2287,West Virginia,Male,2008,5494,2111,905399
2288,West Virginia,Male,2009,5450,2213,910341
2289,West Virginia,Male,2010,5343,2164,913586
2290,West Virginia,Male,2011,5683,2243,914319
2291,West Virginia,Male,2012,5437,2159,915588
2292,West Virginia,Male,2013,5509,2228,914849
2293,West Virginia,Male,2014,5359,2297,912617
2294,West Virginia,Male,2015,5532,2237,909948
2295,West Virginia,Male,2016,5567,2128,904709
2296,West Virginia,Male,2017,5873,2128,898554
2297,West Virginia,Male,2018,5848,2173,892442
2298,West Virginia,Male,2019,5814,2204,886903
2299,West Virginia,Male,2020,5331,2242,894627
2300,West Virginia,Male,2021,5855,2186,891443
2301,Wisconsin,Female,1999,11830,4296,NA
2302,Wisconsin,Female,2000,11931,4411,2719235
2303,Wisconsin,Female,2001,12252,4421,2733647
2304,Wisconsin,Female,2002,11885,4506,2751697
2305,Wisconsin,Female,2003,12076,4422,2766901
2306,Wisconsin,Female,2004,11711,4457,2782678
2307,Wisconsin,Female,2005,12355,4564,2797061
2308,Wisconsin,Female,2006,12548,4638,2812276
2309,Wisconsin,Female,2007,12802,4454,2827782
2310,Wisconsin,Female,2008,13172,4609,2842268
2311,Wisconsin,Female,2009,13215,4386,2856103
2312,Wisconsin,Female,2010,13328,4612,2864586
2313,Wisconsin,Female,2011,13945,4708,2872741
2314,Wisconsin,Female,2012,14168,4583,2879358
2315,Wisconsin,Female,2013,14305,4641,2887301
2316,Wisconsin,Female,2014,14382,4556,2893744
2317,Wisconsin,Female,2015,14666,4498,2896933
2318,Wisconsin,Female,2016,14929,4548,2901852
2319,Wisconsin,Female,2017,15168,4432,2910138
2320,Wisconsin,Female,2018,15001,4557,2917679
2321,Wisconsin,Female,2019,15539,4562,2924723
2322,Wisconsin,Female,2020,14265,4464,2942755
2323,Wisconsin,Female,2021,15803,4401,2935498
2324,Wisconsin,Male,1999,12956,4951,NA
2325,Wisconsin,Male,2000,12747,4790,2654764
2326,Wisconsin,Male,2001,13195,4905,2673188
2327,Wisconsin,Male,2002,12900,4827,2693465
2328,Wisconsin,Male,2003,12940,4835,2712302
2329,Wisconsin,Male,2004,13340,5050,2731348
2330,Wisconsin,Male,2005,12993,4903,2749105
2331,Wisconsin,Male,2006,13672,4837,2765379
2332,Wisconsin,Male,2007,14038,4994,2782993
2333,Wisconsin,Male,2008,14154,5077,2798728
2334,Wisconsin,Male,2009,14287,5036,2813161
2335,Wisconsin,Male,2010,14454,5183,2822400
2336,Wisconsin,Male,2011,14864,5325,2828701
2337,Wisconsin,Male,2012,14194,5124,2837239
2338,Wisconsin,Male,2013,14482,5215,2846193
2339,Wisconsin,Male,2014,15075,5219,2854589
2340,Wisconsin,Male,2015,15431,5255,2861037
2341,Wisconsin,Male,2016,15862,5249,2867761
2342,Wisconsin,Male,2017,15976,5214,2876977
2343,Wisconsin,Male,2018,16447,5183,2886725
2344,Wisconsin,Male,2019,17366,5194,2894709
2345,Wisconsin,Male,2020,15822,5373,2952345
2346,Wisconsin,Male,2021,17289,5168,2942771
2347,Wyoming,Female,1999,872,249,NA
2348,Wyoming,Female,2000,921,257,245584
2349,Wyoming,Female,2001,852,289,245327
2350,Wyoming,Female,2002,903,289,247785
2351,Wyoming,Female,2003,968,296,249128
2352,Wyoming,Female,2004,971,282,251506
2353,Wyoming,Female,2005,917,310,253726
2354,Wyoming,Female,2006,944,279,257361
2355,Wyoming,Female,2007,979,331,262776
2356,Wyoming,Female,2008,954,274,267982
2357,Wyoming,Female,2009,981,293,274046
2358,Wyoming,Female,2010,1083,304,276189
2359,Wyoming,Female,2011,1093,251,277554
2360,Wyoming,Female,2012,1056,278,281563
2361,Wyoming,Female,2013,972,309,284372
2362,Wyoming,Female,2014,1105,267,284645
2363,Wyoming,Female,2015,1090,324,285849
2364,Wyoming,Female,2016,1153,290,285299
2365,Wyoming,Female,2017,1128,268,283137
2366,Wyoming,Female,2018,1189,305,282798
2367,Wyoming,Female,2019,1239,310,283502
2368,Wyoming,Female,2020,1163,304,281224
2369,Wyoming,Female,2021,1257,360,282499
2370,Wyoming,Male,1999,1064,351,NA
2371,Wyoming,Male,2000,1054,288,248716
2372,Wyoming,Male,2001,1053,324,249330
2373,Wyoming,Male,2002,1045,296,252232
2374,Wyoming,Male,2003,1097,344,254325
2375,Wyoming,Male,2004,1142,336,257600
2376,Wyoming,Male,2005,1086,325,260431
2377,Wyoming,Male,2006,1258,346,265306
2378,Wyoming,Male,2007,1178,346,272100
2379,Wyoming,Male,2008,1238,311,278061
2380,Wyoming,Male,2009,1253,371,285805
2381,Wyoming,Male,2010,1278,412,287437
2382,Wyoming,Male,2011,1285,359,286524
2383,Wyoming,Male,2012,1148,369,291601
2384,Wyoming,Male,2013,1215,369,294381
2385,Wyoming,Male,2014,1226,401,294826
2386,Wyoming,Male,2015,1228,352,296774
2387,Wyoming,Male,2016,1303,380,295805
2388,Wyoming,Male,2017,1387,387,292681
2389,Wyoming,Male,2018,1344,420,291711
2390,Wyoming,Male,2019,1489,453,292163
2391,Wyoming,Male,2020,1371,436,293548
2392,Wyoming,Male,2021,1323,458,294173
